2008;2009;2010;2011;2012;2013;2014;2015;2016;2017;2018
AT0000606306;AT0000606306;AT0000606306;AT0000606306;AT0000606306;AT0000606306;AT0000606306;AT0000606306;AT0000606306;AT0000606306;AT0000606306
AT0000652011;AT0000652011;AT0000652011;AT0000652011;AT0000652011;AT0000652011;AT0000652011;AT0000652011;AT0000652011;AT0000652011;AT0000652011
AT0000720008;AT0000720008;AT0000720008;AT0000720008;AT0000720008;AT0000720008;AT0000720008;AT0000730007;AT0000730007;AT0000730007;AT0000730007
AT0000730007;AT0000730007;AT0000730007;AT0000730007;AT0000730007;AT0000730007;AT0000730007;AT0000743059;AT0000743059;AT0000743059;AT0000743059
AT0000743059;AT0000743059;AT0000743059;AT0000743059;AT0000743059;AT0000743059;AT0000743059;AT0000937503;AT0000831706;AT0000831706;AT0000831706
AT0000746409;AT0000746409;AT0000746409;AT0000746409;AT0000746409;AT0000746409;AT0000908504;AT0000A18XM4;AT0000937503;AT0000937503;AT0000937503
AT0000831706;AT0000831706;AT0000831706;AT0000831706;AT0000831706;AT0000908504;AT0000937503;AT0000A21KS2;AT0000A18XM4;AT0000A18XM4;AT0000A18XM4
AT0000908504;AT0000908504;AT0000908504;AT0000908504;AT0000908504;AT0000937503;AT0000A21KS2;BE0003470755;AT0000A21KS2;BE0003470755;BE0003470755
AT0000937503;AT0000937503;AT0000937503;AT0000937503;AT0000937503;AT0000A21KS2;BE0003470755;BE0003565737;BE0003470755;BE0003565737;BE0003565737
AT0000A21KS2;AT0000APOST4;AT0000A21KS2;AT0000A21KS2;AT0000A21KS2;BE0003470755;BE0003565737;BE0003593044;BE0003565737;BE0003593044;BE0003593044
BE0003470755;BE0003470755;BE0003470755;BE0003470755;BE0003470755;BE0003565737;BE0003593044;BE0003739530;BE0003593044;BE0003739530;BE0003739530
BE0003565737;BE0003565737;BE0003565737;BE0003565737;BE0003565737;BE0003593044;BE0003739530;BE0003764785;BE0003739530;BE0003764785;BE0003764785
BE0003717312;BE0003593044;BE0003593044;BE0003593044;BE0003593044;BE0003739530;BE0003764785;BE0003797140;BE0003764785;BE0003797140;BE0003797140
BE0003735496;BE0003678894;BE0003717312;BE0003717312;BE0003717312;BE0003764785;BE0003797140;BE0003810273;BE0003797140;BE0003810273;BE0003810273
BE0003739530;BE0003717312;BE0003735496;BE0003735496;BE0003739530;BE0003797140;BE0003810273;BE0974256852;BE0003810273;BE0003818359;BE0003818359
BE0003764785;BE0003735496;BE0003739530;BE0003739530;BE0003764785;BE0003810273;BE0974256852;BE0974264930;BE0974256852;BE0974256852;BE0974256852
BE0003797140;BE0003739530;BE0003764785;BE0003764785;BE0003797140;BE0003846632;BE0974264930;BE0974268972;BE0974264930;BE0974264930;BE0974264930
BE0003810273;BE0003764785;BE0003797140;BE0003797140;BE0003810273;BE0974256852;BE0974293251;BE0974293251;BE0974268972;BE0974268972;BE0974293251
BE0003867844;BE0003797140;BE0003810273;BE0003810273;BE0974256852;BE0974264930;BE0974320526;BE0974320526;BE0974276082;BE0974276082;BE0974320526
BE0974256852;BE0003810273;BE0003826436;BE0974256852;BE0974264930;BE0974293251;BMG4593F1389;BMG4593F1389;BE0974293251;BE0974293251;BMG4593F1389
BE0974264930;BE0974256852;BE0974256852;BE0974258874;BE0974293251;BE0974320526;BMG5361W1047;BMG5361W1047;BE0974320526;BE0974320526;CH0000816824
BE0974290224;BE0974258874;BE0974258874;BE0974264930;BE0974294267;CH0000816824;CH0000816824;CH0000816824;BMG4593F1389;BMG4593F1389;CH0001752309
BE0974293251;BE0974264930;BE0974264930;BE0974293251;BE0974320526;CH0001752309;CH0001752309;CH0001752309;CH0000816824;CH0000816824;CH0002432174
BE0974320526;BE0974290224;BE0974290224;BE0974294267;CH0000816824;CH0002497458;CH0002497458;CH0002497458;CH0001752309;CH0001752309;CH0002497458
BMG812761002;BE0974293251;BE0974293251;BE0974320526;CH0001752309;CH0008038389;CH0008038389;CH0008038389;CH0002497458;CH0002497458;CH0008038389
CH0000816824;BE0974320526;BE0974320526;CH0001752309;CH0002497458;CH0008742519;CH0008742519;CH0008742519;CH0008038389;CH0008038389;CH0008742519
CH0001752309;CH0002497458;CH0002497458;CH0002497458;CH0008038389;CH0008837566;CH0009002962;CH0009002962;CH0008742519;CH0008742519;CH0009002962
CH0002497458;CH0008038389;CH0008038389;CH0008038389;CH0008742519;CH0009002962;CH0010570759;CH0010570759;CH0009002962;CH0009002962;CH0010570759
CH0003671440;CH0008742519;CH0008742519;CH0008742519;CH0009002962;CH0010570759;CH0010645932;CH0010645932;CH0010570759;CH0010570759;CH0010645932
CH0008742519;CH0010570759;CH0010570759;CH0010570759;CH0010570759;CH0010645932;CH0011037469;CH0011037469;CH0010645932;CH0010645932;CH0011075394
CH0010570759;CH0010645932;CH0010645932;CH0010645932;CH0010645932;CH0011037469;CH0011075394;CH0011075394;CH0011037469;CH0011075394;CH0011795959
CH0010645932;CH0011037469;CH0011037469;CH0011037469;CH0011037469;CH0011075394;CH0011795959;CH0011795959;CH0011075394;CH0011795959;CH0012005267
CH0011037469;CH0011075394;CH0011075394;CH0011075394;CH0011075394;CH0011108872;CH0012005267;CH0012005267;CH0011795959;CH0012005267;CH0012032048
CH0011075394;CH0012005267;CH0012005267;CH0012005267;CH0012005267;CH0011795959;CH0012032048;CH0012032048;CH0012005267;CH0012032048;CH0012100191
CH0012005267;CH0012032048;CH0012032048;CH0012032048;CH0012032048;CH0012005267;CH0012138530;CH0012138530;CH0012032048;CH0012138530;CH0012138530
CH0012032048;CH0012138530;CH0012138530;CH0012138530;CH0012138530;CH0012032048;CH0012138605;CH0012138605;CH0012138530;CH0012138605;CH0012138605
CH0012138530;CH0012138605;CH0012138605;CH0012138605;CH0012138605;CH0012138530;CH0012142631;CH0012142631;CH0012138605;CH0012142631;CH0012142631
CH0012138605;CH0012142631;CH0012142631;CH0012142631;CH0012142631;CH0012138605;CH0012214059;CH0012214059;CH0012142631;CH0012214059;CH0012214059
CH0012142631;CH0012214059;CH0012214059;CH0012214059;CH0012214059;CH0012142631;CH0012221716;CH0012221716;CH0012214059;CH0012221716;CH0012221716
CH0012214059;CH0012221716;CH0012221716;CH0012221716;CH0012221716;CH0012214059;CH0012255151;CH0012255151;CH0012221716;CH0012255151;CH0012255151
CH0012221716;CH0012255151;CH0012255151;CH0012255151;CH0012255151;CH0012221716;CH0012410517;CH0012280076;CH0012255151;CH0012280076;CH0012280076
CH0012255151;CH0012280076;CH0012280076;CH0012280076;CH0012280076;CH0012255151;CH0012549785;CH0012410517;CH0012280076;CH0012410517;CH0012410517
CH0012410517;CH0012410517;CH0012410517;CH0012410517;CH0012410517;CH0012410517;CH0013841017;CH0012549785;CH0012410517;CH0012453913;CH0012453913
CH0012549785;CH0012549785;CH0012453913;CH0012453913;CH0012453913;CH0012549785;CH0014852781;CH0013841017;CH0012453913;CH0012549785;CH0012549785
CH0013841017;CH0013841017;CH0012549785;CH0012549785;CH0012549785;CH0013841017;CH0016440353;CH0014852781;CH0012549785;CH0013841017;CH0013841017
CH0014786500;CH0014786500;CH0013841017;CH0013841017;CH0013841017;CH0014786500;CH0018294154;CH0016440353;CH0013841017;CH0014852781;CH0014852781
CH0014852781;CH0014852781;CH0014786500;CH0014786500;CH0014786500;CH0014852781;CH0021783391;CH0018294154;CH0014852781;CH0016440353;CH0016440353
CH0018294154;CH0018294154;CH0014852781;CH0014852781;CH0014852781;CH0015251710;CH0023405456;CH0021783391;CH0016440353;CH0018294154;CH0018294154
CH0021783391;CH0021783391;CH0018294154;CH0018294154;CH0015251710;CH0016440353;CH0024608827;CH0023405456;CH0018294154;CH0021783391;CH0021783391
CH0024638196;CH0024608827;CH0021783391;CH0021783391;CH0018294154;CH0018294154;CH0024638196;CH0024608827;CH0021783391;CH0023405456;CH0023405456
CH0024899483;CH0024638196;CH0024608827;CH0023405456;CH0021783391;CH0021783391;CH0024899483;CH0024638196;CH0023405456;CH0024608827;CH0024608827
CH0025238863;CH0024899483;CH0024638196;CH0024608827;CH0023405456;CH0023405456;CH0025238863;CH0025238863;CH0024608827;CH0024638196;CH0024638196
CH0025751329;CH0025238863;CH0024899483;CH0024638196;CH0024608827;CH0024608827;CH0025751329;CH0025751329;CH0024638196;CH0025238863;CH0025238863
CH0030170408;CH0025751329;CH0025238863;CH0024899483;CH0024638196;CH0024638196;CH0030170408;CH0030170408;CH0025238863;CH0025751329;CH0025751329
CH0038388911;CH0030170408;CH0025751329;CH0025238863;CH0024899483;CH0024899483;CH0038388911;CH0038388911;CH0025751329;CH0030170408;CH0030170408
CH0038863350;CH0038388911;CH0030170408;CH0025751329;CH0025238863;CH0025238863;CH0038863350;CH0038863350;CH0030170408;CH0038863350;CH0038863350
CH0102659627;CH0038863350;CH0038388911;CH0030170408;CH0025751329;CH0030170408;CH0043238366;CH0043238366;CH0038863350;CH0043238366;CH0102484968
CH0210483332;CH0043238366;CH0038863350;CH0038388911;CH0030170408;CH0038388911;CH0102484968;CH0102484968;CH0043238366;CH0102484968;CH0102659627
CH0418792922;CH0102659627;CH0043238366;CH0038863350;CH0038388911;CH0038863350;CH0102659627;CH0102659627;CH0102484968;CH0126673539;CH0126673539
DE0005089031;CH0210483332;CH0102484968;CH0043238366;CH0038863350;CH0043238366;CH0126673539;CH0126673539;CH0102659627;CH0126881561;CH0126881561
DE0005140008;CH0364749348;CH0102659627;CH0102484968;CH0043238366;CH0102484968;CH0126881561;CH0126881561;CH0126673539;CH0198251305;CH0198251305
DE0005190003;CH0418792922;CH0210483332;CH0102659627;CH0102484968;CH0102659627;CH0198251305;CH0198251305;CH0126881561;CH0210483332;CH0210483332
DE0005200000;CH0466642201;CH0364749348;CH0108503795;CH0102659627;CH0126673539;CH0210483332;CH0210483332;CH0198251305;CH0225173167;CH0225173167
DE0005439004;DE0005089031;CH0418792922;CH0126881561;CH0126881561;CH0126881561;CH0319416936;CH0244767585;CH0210483332;CH0244767585;CH0244767585
DE0005470405;DE0005140008;CH0466642201;CH0210483332;CH0210483332;CH0210483332;CH0364749348;CH0319416936;CH0244767585;CH0267291224;CH0267291224
DE0005552004;DE0005190003;DE0005089031;CH0364749348;CH0364749348;CH0319416936;CH0418792922;CH0364749348;CH0267291224;CH0319416936;CH0311864901
DE0005557508;DE0005200000;DE0005140008;CH0418792922;CH0418792922;CH0364749348;CH0466642201;CH0418792922;CH0319416936;CH0364749348;CH0319416936
DE0005558662;DE0005470405;DE0005190003;CH0466642201;CH0466642201;CH0418792922;CZ0005112300;CH0466642201;CH0364749348;CH0418792922;CH0364749348
DE0005773303;DE0005552004;DE0005200000;DE0005089031;DE0005089031;CH0466642201;CZ0008019106;CZ0005112300;CH0418792922;CH0466642201;CH0418792922
DE0005785638;DE0005557508;DE0005439004;DE0005140008;DE0005140008;DE0005089031;DE0005089031;CZ0008019106;CH0466642201;CZ0005112300;CH0466642201
DE0005785802;DE0005558662;DE0005470405;DE0005190003;DE0005190003;DE0005140008;DE0005140008;DE0005089031;CZ0005112300;CZ0008019106;CZ0005112300
DE0005810055;DE0005773303;DE0005552004;DE0005200000;DE0005200000;DE0005190003;DE0005190003;DE0005140008;CZ0008019106;DE0005089031;CZ0008019106
DE0005909006;DE0005785638;DE0005557508;DE0005439004;DE0005408884;DE0005200000;DE0005200000;DE0005190003;DE0005089031;DE0005140008;DE0005089031
DE0005937007;DE0005785802;DE0005773303;DE0005470405;DE0005439004;DE0005439004;DE0005408884;DE0005200000;DE0005140008;DE0005190003;DE0005140008
DE0006047004;DE0005810055;DE0005785638;DE0005501357;DE0005470405;DE0005470405;DE0005439004;DE0005408116;DE0005190003;DE0005200000;DE0005190003
DE0006048432;DE0005909006;DE0005785802;DE0005552004;DE0005501357;DE0005501357;DE0005470405;DE0005408884;DE0005200000;DE0005408116;DE0005200000
DE0006070006;DE0005937007;DE0005810055;DE0005557508;DE0005552004;DE0005552004;DE0005501357;DE0005439004;DE0005408116;DE0005439004;DE0005408116
DE0006202005;DE0006048432;DE0005909006;DE0005773303;DE0005557508;DE0005557508;DE0005552004;DE0005470405;DE0005439004;DE0005470405;DE0005439004
DE0006231004;DE0006070006;DE0005937007;DE0005785604;DE0005773303;DE0005773303;DE0005557508;DE0005501357;DE0005470405;DE0005501357;DE0005470405
DE0006599905;DE0006202005;DE0006047004;DE0005785802;DE0005785604;DE0005785604;DE0005773303;DE0005552004;DE0005501357;DE0005552004;DE0005501357
DE0006602006;DE0006231004;DE0006048432;DE0005909006;DE0005785802;DE0005785802;DE0005785604;DE0005557508;DE0005552004;DE0005557508;DE0005545503
DE0006969603;DE0006599905;DE0006070006;DE0005937007;DE0005790430;DE0005790430;DE0005785802;DE0005565204;DE0005557508;DE0005565204;DE0005552004
DE0007030009;DE0006602006;DE0006202005;DE0006047004;DE0005810055;DE0005810055;DE0005790430;DE0005773303;DE0005565204;DE0005773303;DE0005557508
DE0007037129;DE0006766504;DE0006231004;DE0006048432;DE0005909006;DE0005909006;DE0005810055;DE0005785604;DE0005773303;DE0005785604;DE0005565204
DE0007042301;DE0006969603;DE0006599905;DE0006070006;DE0005937007;DE0005937007;DE0005909006;DE0005785802;DE0005785604;DE0005785802;DE0005773303
DE0007100000;DE0007030009;DE0006602006;DE0006202005;DE0006047004;DE0006047004;DE0005937007;DE0005790430;DE0005785802;DE0005790430;DE0005785604
DE0007164600;DE0007037129;DE0006766504;DE0006231004;DE0006048432;DE0006048432;DE0006047004;DE0005810055;DE0005790430;DE0005810055;DE0005785802
DE0007235301;DE0007042301;DE0006969603;DE0006599905;DE0006070006;DE0006070006;DE0006048432;DE0005909006;DE0005909006;DE0005909006;DE0005790430
DE0007236101;DE0007100000;DE0007030009;DE0006602006;DE0006202005;DE0006202005;DE0006231004;DE0005937007;DE0005937007;DE0005937007;DE0005810055
DE0007251803;DE0007164600;DE0007037129;DE0006766504;DE0006231004;DE0006231004;DE0006599905;DE0006047004;DE0006047004;DE0006047004;DE0005937007
DE0007257503;DE0007235301;DE0007042301;DE0006969603;DE0006599905;DE0006599905;DE0006602006;DE0006048432;DE0006048432;DE0006048432;DE0006047004
DE0007500001;DE0007236101;DE0007100000;DE0007030009;DE0006602006;DE0006602006;DE0007030009;DE0006231004;DE0006062144;DE0006062144;DE0006048432
DE0007664005;DE0007251803;DE0007164600;DE0007037129;DE0006766504;DE0006766504;DE0007037129;DE0006599905;DE0006070006;DE0006070006;DE0006062144
DE0008001009;DE0007257503;DE0007235301;DE0007042301;DE0006969603;DE0007030009;DE0007042301;DE0006602006;DE0006231004;DE0006231004;DE0006070006
DE0008232125;DE0007297004;DE0007236101;DE0007100000;DE0007030009;DE0007037129;DE0007100000;DE0006632003;DE0006599905;DE0006599905;DE0006231004
DE0008402215;DE0007500001;DE0007251803;DE0007164600;DE0007037129;DE0007042301;DE0007164600;DE0007030009;DE0006602006;DE0006602006;DE0006599905
DE0008404005;DE0007664005;DE0007257503;DE0007235301;DE0007042301;DE0007100000;DE0007236101;DE0007037129;DE0007030009;DE0007030009;DE0006602006
DE0008430026;DE0008001009;DE0007297004;DE0007236101;DE0007100000;DE0007164600;DE0007251803;DE0007100000;DE0007037129;DE0007037129;DE0006632003
DE000A0D9PT0;DE0008232125;DE0007500001;DE0007251803;DE0007164600;DE0007236101;DE0007257503;DE0007164600;DE0007100000;DE0007100000;DE0006766504
DE000A1EWWW0;DE0008402215;DE0007664039;DE0007257503;DE0007235301;DE0007251803;DE0007472060;DE0007236101;DE0007164600;DE0007164600;DE0007030009
DE000BASF111;DE0008404005;DE0008001009;DE0007297004;DE0007236101;DE0007257503;DE0007480204;DE0007251803;DE0007165631;DE0007165631;DE0007037129
DE000BAY0017;DE0008430026;DE0008232125;DE0007500001;DE0007251803;DE0007297004;DE0007500001;DE0007257503;DE0007236101;DE0007236101;DE0007100000
DE000CBK1001;DE000A0D9PT0;DE0008402215;DE0007664039;DE0007257503;DE0007472060;DE0007664039;DE0007472060;DE0007251803;DE0007251803;DE0007164600
DE000CLS1001;DE000A1EWWW0;DE0008404005;DE0008232125;DE0007297004;DE0007480204;DE0008232125;DE0007480204;DE0007257503;DE0007472060;DE0007165631
DE000ENAG999;DE000A2GS401;DE0008430026;DE0008402215;DE0007472060;DE0007500001;DE0008402215;DE0007500001;DE0007472060;DE0007480204;DE0007236101
DE000KC01000;DE000BASF111;DE000A0D9PT0;DE0008404005;DE0007480204;DE0007664039;DE0008404005;DE0007664039;DE0007480204;DE0007500001;DE0007472060
DE000KSAG888;DE000BAY0017;DE000A0WMPJ6;DE0008430026;DE0007500001;DE0008232125;DE0008430026;DE0008232125;DE0007500001;DE0007664039;DE0007500001
DE000PAH0038;DE000CBK1001;DE000A1EWWW0;DE000A0D9PT0;DE0007664039;DE0008402215;DE000A0D9PT0;DE0008402215;DE0007664039;DE0008232125;DE0007664039
DE000SYM9999;DE000CLS1001;DE000A2GS401;DE000A0WMPJ6;DE0008232125;DE0008404005;DE000A0HN5C6;DE0008404005;DE0008232125;DE0008402215;DE0008232125
DE000TUAG000;DE000ENAG999;DE000BASF111;DE000A1DAHH0;DE0008402215;DE0008430026;DE000A0LD6E6;DE0008430026;DE0008402215;DE0008404005;DE0008303504
DE000WCH8881;DE000KSAG888;DE000BAY0017;DE000A1EWWW0;DE0008404005;DE000A0D9PT0;DE000A0Z2ZZ5;DE000A0D9PT0;DE0008404005;DE0008430026;DE0008402215
DK0010181759;DE000PAH0038;DE000CBK1001;DE000A2GS401;DE0008430026;DE000A0HN5C6;DE000A1DAHH0;DE000A0HN5C6;DE0008430026;DE000A0D9PT0;DE0008404005
DK0010207497;DE000SYM9999;DE000CLS1001;DE000BASF111;DE000A0D9PT0;DE000A0LD6E6;DE000A1EWWW0;DE000A0LD6E6;DE000A0D9PT0;DE000A0HN5C6;DE0008430026
DK0010234467;DE000TUAG000;DE000ENAG999;DE000BAY0017;DE000A0HN5C6;DE000A0WMPJ6;DE000A1J5RX9;DE000A0Z2ZZ5;DE000A0HN5C6;DE000A0LD6E6;DE000A0D9PT0
DK0010244508;DE000WCH8881;DE000KC01000;DE000CBK1001;DE000A0LD6E6;DE000A0Z2ZZ5;DE000A1PHFF7;DE000A1DAHH0;DE000A0LD6E6;DE000A0Z2ZZ5;DE000A0HN5C6
DK0010268606;DK0010181759;DE000KSAG888;DE000CLS1001;DE000A0WMPJ6;DE000A1DAHH0;DE000A2GS401;DE000A1EWWW0;DE000A0Z2ZZ5;DE000A12DM80;DE000A0LD6E6
DK0010274414;DK0010207497;DE000PAH0038;DE000ENAG999;DE000A0Z2ZZ5;DE000A1EWWW0;DE000BASF111;DE000A1J5RX9;DE000A1DAHH0;DE000A1DAHH0;DE000A0Z2ZZ5
DK0010287663;DK0010234467;DE000SYM9999;DE000KC01000;DE000A1DAHH0;DE000A1J5RX9;DE000BAY0017;DE000A1ML7J1;DE000A1EWWW0;DE000A1EWWW0;DE000A12DM80
DK0010307958;DK0010244508;DE000WCH8881;DE000KSAG888;DE000A1EWWW0;DE000A1PHFF7;DE000CBK1001;DE000A1PHFF7;DE000A1J5RX9;DE000A1J5RX9;DE000A13SX22
DK0010311471;DK0010268606;DK0010181759;DE000PAH0038;DE000A1PHFF7;DE000A2GS401;DE000ENAG999;DE000BASF111;DE000A1ML7J1;DE000A1ML7J1;DE000A161N30
DK0060079531;DK0010272202;DK0010207497;DE000PSM7770;DE000A2GS401;DE000BASF111;DE000EVNK013;DE000BAY0017;DE000A1PHFF7;DE000A1PHFF7;DE000A1DAHH0
DK0060083210;DK0010274414;DK0010234467;DE000SYM9999;DE000BASF111;DE000BAY0017;DE000KSAG888;DE000CBK1001;DE000BASF111;DE000A2AADD2;DE000A1EWWW0
DK0060336014;DK0010287234;DK0010244508;DE000WCH8881;DE000BAY0017;DE000CBK1001;DE000LED4000;DE000ENAG999;DE000BAY0017;DE000A2GS401;DE000A1J5RX9
DK0060448595;DK0010307958;DK0010268606;DK0010181759;DE000CBK1001;DE000CLS1001;DE000LEG1110;DE000EVNK013;DE000CBK1001;DE000BASF111;DE000A1ML7J1
DK0060477503;DK0010311471;DK0010272632;DK0010234467;DE000CLS1001;DE000ENAG999;DE000PAH0038;DE000KGX8881;DE000EVNK013;DE000BAY0017;DE000A1PHFF7
DK0060534915;DK0060079531;DK0010274414;DK0010244508;DE000ENAG999;DE000GSW1111;DE000PSM7770;DE000KSAG888;DE000KGX8881;DE000CBK1001;DE000A2AADD2
DK0060636678;DK0060083210;DK0010307958;DK0010268606;DE000GSW1111;DE000KSAG888;DE000SYM9999;DE000LED4000;DE000KSAG888;DE000EVNK013;DE000A2E4K43
DK0060738599;DK0060336014;DK0010311471;DK0010272632;DE000KC01000;DE000PAH0038;DE000TUAG000;DE000LEG1110;DE000LED4000;DE000KGX8881;DE000A2GS401
ES0111845014;DK0060448595;DK0060079531;DK0010274414;DE000KSAG888;DE000PSM7770;DK0010181759;DE000PAH0038;DE000LEG1110;DE000KSAG888;DE000BASF111
ES0113211835;DK0060477503;DK0060336014;DK0010307958;DE000PAH0038;DE000SYM9999;DK0010234467;DE000PSM7770;DE000PAH0038;DE000LED4000;DE000BAY0017
ES0113679I37;DK0060534915;DK0060448595;DK0010311471;DE000PSM7770;DK0010181759;DK0010244508;DE000SYM9999;DE000PSM7770;DE000LEG1110;DE000BFB0019
ES0113770434;DK0060636678;DK0060477503;DK0060079531;DE000SYM9999;DK0010234467;DK0010268606;DE000TUAG000;DE000SYM9999;DE000PAH0038;DE000CBK1001
ES0113860A34;DK0060738599;DK0060534915;DK0060228559;DE000WCH8881;DK0010244508;DK0010272632;DK0010181759;DE000TUAG000;DE000PSM7770;DE000ENAG999
ES0113900J37;ES0111845014;DK0060636678;DK0060252690;DK0010181759;DK0010272632;DK0010274414;DK0010234467;DE000ZAL1111;DE000SHA0159;DE000EVNK013
ES0113980F34;ES0112501012;DK0060738599;DK0060336014;DK0010234467;DK0010274414;DK0010307958;DK0010244508;DK0010181759;DE000SYM9999;DE000KGX8881
ES0115056139;ES0113211835;ES0111845014;DK0060448595;DK0010244508;DK0010307958;DK0010311471;DK0010268606;DK0010244508;DE000TUAG000;DE000KSAG888
ES0116870314;ES0113679I37;ES0112501012;DK0060477503;DK0010268606;DK0010311471;DK0060079531;DK0010272202;DK0010268606;DE000UNSE018;DE000LED4000
ES0117160111;ES0113860A34;ES0113211835;DK0060534915;DK0010272632;DK0060079531;DK0060227585;DK0010272632;DK0010272202;DE000ZAL1111;DE000LEG1110
ES0118594417;ES0113900J37;ES0113679I37;DK0060636678;DK0010274414;DK0060227585;DK0060228559;DK0010274414;DK0010272632;DK0010181759;DE000PAH0038
ES0118900010;ES0113980F34;ES0113860A34;DK0060738599;DK0010307958;DK0060228559;DK0060252690;DK0010307958;DK0010274414;DK0010244508;DE000PSM7770
ES0122060314;ES0115056139;ES0113900J37;ES0109067019;DK0010311471;DK0060252690;DK0060336014;DK0010311471;DK0010307958;DK0010268606;DE000SHA0159
ES0124244E34;ES0116870314;ES0113980F34;ES0111845014;DK0060079531;DK0060336014;DK0060448595;DK0060079531;DK0010311471;DK0010272202;DE000SYM9999
ES0125220311;ES0117160111;ES0115056139;ES0112501012;DK0060227585;DK0060448595;DK0060477503;DK0060227585;DK0060079531;DK0010272632;DE000TUAG000
ES0130960018;ES0118594417;ES0116870314;ES0113211835;DK0060228559;DK0060477503;DK0060534915;DK0060228559;DK0060227585;DK0010274414;DE000UNSE018
ES0132105018;ES0118900010;ES0118594417;ES0113679I37;DK0060336014;DK0060534915;DK0060636678;DK0060252690;DK0060228559;DK0010287234;DE000WAF3001
ES0134950F36;ES0122060314;ES0118900010;ES0113860A34;DK0060448595;DK0060636678;DK0060738599;DK0060336014;DK0060252690;DK0010307958;DE000WCH8881
ES0143416115;ES0124244E34;ES0122060314;ES0113900J37;DK0060477503;DK0060738599;ES0109067019;DK0060448595;DK0060336014;DK0010311471;DE000ZAL1111
ES0144580Y14;ES0125220311;ES0124244E34;ES0115056139;DK0060534915;ES0109067019;ES0111845014;DK0060477503;DK0060448595;DK0060079531;DK0010181759
ES0148396007;ES0127797019;ES0125220311;ES0116870314;DK0060738599;ES0111845014;ES0112501012;DK0060534915;DK0060477503;DK0060094928;DK0010219153
ES0152503035;ES0130670112;ES0127797019;ES0118594417;ES0109067019;ES0112501012;ES0113211835;DK0060542181;DK0060534915;DK0060227585;DK0010234467
ES0167050915;ES0130960018;ES0130670112;ES0118900010;ES0111845014;ES0113211835;ES0113307062;DK0060636678;DK0060542181;DK0060228559;DK0010244508
ES0171996087;ES0132105018;ES0130960018;ES0122060314;ES0112501012;ES0113679I37;ES0113679I37;DK0060738599;DK0060636678;DK0060252690;DK0010268606
ES0173093024;ES0134950F36;ES0132105018;ES0124244E34;ES0113211835;ES0113860A34;ES0113860A34;ES0105025003;DK0060738599;DK0060336014;DK0010272202
ES0173516115;ES0140609019;ES0140609019;ES0125220311;ES0113860A34;ES0113900J37;ES0113900J37;ES0105200002;ES0105025003;DK0060448595;DK0010272632
ES0177542018;ES0143416115;ES0143416115;ES0127797019;ES0113900J37;ES0115056139;ES0115056139;ES0109067019;ES0105046009;DK0060495240;DK0010274414
ES0178430E18;ES0144580Y14;ES0144580Y14;ES0130670112;ES0115056139;ES0116870314;ES0116870314;ES0111845014;ES0105066007;DK0060534915;DK0010287234
ES0182870214;ES0148396007;ES0148396007;ES0130960018;ES0116870314;ES0118900010;ES0118900010;ES0113211835;ES0109067019;DK0060542181;DK0010307958
ES0184933812;ES0167050915;ES0152503035;ES0132105018;ES0118900010;ES0124244E34;ES0124244E34;ES0113307062;ES0111845014;DK0060636678;DK0010311471
FI0009000202;ES0171996087;ES0167050915;ES0140609019;ES0124244E34;ES0125220311;ES0126775032;ES0113679I37;ES0113211835;DK0060738599;DK0060079531
FI0009000681;ES0173093024;ES0171996087;ES0143416115;ES0125220311;ES0126775032;ES0130670112;ES0113860A34;ES0113307062;DK0060745370;DK0060094928
FI0009002422;ES0173516115;ES0173093024;ES0144580Y14;ES0126775032;ES0130670112;ES0130960018;ES0113900J37;ES0113679I37;ES0105025003;DK0060227585
FI0009003222;ES0177542018;ES0173516115;ES0148396007;ES0130670112;ES0130960018;ES0140609019;ES0115056139;ES0113860A34;ES0105046009;DK0060252690
FI0009003305;ES0178430E18;ES0177542018;ES0152503035;ES0130960018;ES0140609019;ES0144580Y14;ES0116870314;ES0113900J37;ES0105066007;DK0060336014
FI0009003552;ES0182870214;ES0178165017;ES0167050915;ES0132105018;ES0144580Y14;ES0148396007;ES0118900010;ES0115056139;ES0109067019;DK0060448595
FI0009003727;ES0184933812;ES0178430E18;ES0171996087;ES0140609019;ES0148396007;ES0167050915;ES0124244E34;ES0116870314;ES0111845014;DK0060495240
FI0009005318;FI0009000202;ES0184933812;ES0173093024;ES0144580Y14;ES0167050915;ES0171996087;ES0126775032;ES0118900010;ES0113211835;DK0060534915
FI0009005870;FI0009000681;FI0009000202;ES0173516115;ES0148396007;ES0171996087;ES0173093024;ES0130670112;ES0124244E34;ES0113307062;DK0060542181
FI0009005961;FI0009002422;FI0009000681;ES0177542018;ES0167050915;ES0173093024;ES0173516115;ES0130960018;ES0126775032;ES0113679I37;DK0060634707
FI0009005987;FI0009003222;FI0009002422;ES0178165017;ES0171996087;ES0173516115;ES0177542018;ES0140609019;ES0130670112;ES0113860A34;DK0060636678
FI0009007132;FI0009003305;FI0009003222;ES0178430E18;ES0173093024;ES0177542018;ES0178430E18;ES0143416115;ES0130960018;ES0113900J37;DK0060738599
FI0009007694;FI0009003552;FI0009003305;ES0184933812;ES0173516115;ES0178165017;ES0184262212;ES0144580Y14;ES0140609019;ES0115056139;DK0060946788
FI0009007835;FI0009003727;FI0009003552;FI0009000202;ES0177542018;ES0178430E18;ES0184933812;ES0148396007;ES0143416115;ES0116870314;ES0105025003
FI0009007884;FI0009005318;FI0009003727;FI0009000681;ES0178165017;ES0184262212;FI0009000202;ES0152503035;ES0144580Y14;ES0118900010;ES0105046009
FI0009013296;FI0009005870;FI0009004824;FI0009002422;ES0178430E18;ES0184933812;FI0009000459;ES0167050915;ES0148396007;ES0124244E34;ES0105066007
FI0009013403;FI0009005961;FI0009005318;FI0009003222;ES0184262212;FI0009000202;FI0009000681;ES0171996087;ES0152503035;ES0126775032;ES0109067019
FI0009013429;FI0009005987;FI0009005870;FI0009003305;ES0184933812;FI0009000681;FI0009003305;ES0173093024;ES0167050915;ES0130670112;ES0113211835
FI0009014575;FI0009007132;FI0009005961;FI0009003552;FI0009000202;FI0009003222;FI0009003727;ES0173516115;ES0171996087;ES0130960018;ES0113307062
FI0009800643;FI0009007694;FI0009005987;FI0009003727;FI0009000681;FI0009003305;FI0009005318;ES0177542018;ES0173093024;ES0140609019;ES0113679I37
FI4000297767;FI0009007835;FI0009007132;FI0009004824;FI0009003222;FI0009003727;FI0009005961;ES0178430E18;ES0173516115;ES0143416115;ES0113860A34
FR0000031122;FI0009007884;FI0009007694;FI0009005318;FI0009003305;FI0009004824;FI0009005987;ES0184262212;ES0177542018;ES0144580Y14;ES0113900J37
FR0000035081;FI0009013296;FI0009007835;FI0009005870;FI0009003727;FI0009005318;FI0009007132;ES0184933812;ES0178430E18;ES0148396007;ES0115056139
FR0000044448;FI0009013403;FI0009007884;FI0009005961;FI0009004824;FI0009005870;FI0009007835;FI0009000202;ES0184262212;ES0152503035;ES0116870314
FR0000045072;FI0009014377;FI0009013296;FI0009005987;FI0009005318;FI0009005961;FI0009007884;FI0009000459;ES0184933812;ES0167050915;ES0118900010
FR0000051732;FI0009800643;FI0009013403;FI0009007132;FI0009005870;FI0009005987;FI0009013296;FI0009000681;FI0009000202;ES0171996087;ES0124244E34
FR0000052292;FI4000297767;FI0009014377;FI0009007694;FI0009005961;FI0009007132;FI0009013403;FI0009002422;FI0009000459;ES0173093024;ES0130670112
FR0000054470;FR0000031122;FI0009014575;FI0009007835;FI0009005987;FI0009007835;FI0009014377;FI0009003305;FI0009000681;ES0173516115;ES0130960018
FR0000054900;FR0000035081;FI0009800643;FI0009007884;FI0009007132;FI0009007884;FI0009014575;FI0009003727;FI0009003305;ES0177542018;ES0139140174
FR0000064578;FR0000044448;FI4000297767;FI0009013296;FI0009007835;FI0009013296;FI4000297767;FI0009005318;FI0009003727;ES0178430E18;ES0140609019
FR0000073272;FR0000045072;FR0000031122;FI0009013403;FI0009007884;FI0009013403;FR0000035081;FI0009005961;FI0009005318;ES0184262212;ES0143416115
FR0000077919;FR0000051070;FR0000035081;FI0009014377;FI0009013296;FI0009014377;FR0000039299;FI0009005987;FI0009005961;FI0009000202;ES0144580Y14
FR0000120073;FR0000051732;FR0000044448;FI0009014575;FI0009013403;FI0009014575;FR0000045072;FI0009007132;FI0009005987;FI0009000459;ES0148396007
FR0000120172;FR0000051807;FR0000045072;FI0009800643;FI0009014377;FI0009800643;FR0000051732;FI0009007835;FI0009007132;FI0009000681;ES0167050915
FR0000120222;FR0000052292;FR0000051070;FI4000297767;FI0009014575;FI4000297767;FR0000051807;FI0009007884;FI0009007835;FI0009002422;ES0171996087
FR0000120271;FR0000053225;FR0000051732;FR0000031122;FI0009800643;FR0000031122;FR0000052292;FI0009013296;FI0009007884;FI0009003305;ES0173093024
FR0000120321;FR0000054470;FR0000051807;FR0000035081;FI4000297767;FR0000035081;FR0000054900;FI0009013403;FI0009013296;FI0009003727;ES0173516115
FR0000120404;FR0000054900;FR0000052292;FR0000044448;FR0000031122;FR0000039299;FR0000064578;FI0009014377;FI0009013403;FI0009005318;ES0177542018
FR0000120503;FR0000064578;FR0000053225;FR0000045072;FR0000035081;FR0000045072;FR0000073272;FI4000297767;FI0009014377;FI0009005961;ES0178430E18
FR0000120537;FR0000073272;FR0000054900;FR0000051732;FR0000044448;FR0000051070;FR0000077919;FR0000035081;FI4000297767;FI0009005987;ES0184262212
FR0000120560;FR0000077919;FR0000064578;FR0000051807;FR0000045072;FR0000051732;FR0000120073;FR0000038259;FR0000035081;FI0009007132;FI0009000202
FR0000120578;FR0000120073;FR0000073272;FR0000052292;FR0000051070;FR0000051807;FR0000120172;FR0000039299;FR0000038259;FI0009007835;FI0009000459
FR0000120628;FR0000120172;FR0000077919;FR0000053225;FR0000051732;FR0000052292;FR0000120222;FR0000045072;FR0000039299;FI0009007884;FI0009000681
FR0000120644;FR0000120222;FR0000120073;FR0000054900;FR0000051807;FR0000064578;FR0000120271;FR0000051732;FR0000045072;FI0009013296;FI0009003305
FR0000120685;FR0000120271;FR0000120172;FR0000064578;FR0000052292;FR0000073272;FR0000120321;FR0000051807;FR0000051732;FI0009013403;FI0009003727
FR0000120693;FR0000120321;FR0000120222;FR0000073272;FR0000054900;FR0000077919;FR0000120404;FR0000052292;FR0000051807;FI0009014377;FI0009005318
FR0000120859;FR0000120404;FR0000120271;FR0000077919;FR0000064578;FR0000120073;FR0000120503;FR0000054900;FR0000052292;FI4000297767;FI0009005870
FR0000121014;FR0000120503;FR0000120321;FR0000120073;FR0000073272;FR0000120172;FR0000120537;FR0000064578;FR0000054470;FR0000035081;FI0009005961
FR0000121121;FR0000120537;FR0000120404;FR0000120172;FR0000077919;FR0000120222;FR0000120560;FR0000073272;FR0000064578;FR0000038259;FI0009005987
FR0000121204;FR0000120560;FR0000120503;FR0000120222;FR0000120073;FR0000120271;FR0000120578;FR0000077919;FR0000073272;FR0000039299;FI0009007132
FR0000121220;FR0000120578;FR0000120537;FR0000120271;FR0000120172;FR0000120321;FR0000120628;FR0000120073;FR0000077919;FR0000045072;FI0009007835
FR0000121261;FR0000120628;FR0000120560;FR0000120321;FR0000120222;FR0000120404;FR0000120644;FR0000120172;FR0000120073;FR0000050809;FI0009007884
FR0000121329;FR0000120644;FR0000120578;FR0000120404;FR0000120271;FR0000120503;FR0000120685;FR0000120222;FR0000120172;FR0000051732;FI0009013296
FR0000121485;FR0000120685;FR0000120628;FR0000120503;FR0000120321;FR0000120537;FR0000120693;FR0000120271;FR0000120222;FR0000051807;FI0009013403
FR0000121501;FR0000120693;FR0000120644;FR0000120537;FR0000120404;FR0000120560;FR0000120859;FR0000120321;FR0000120271;FR0000052292;FI0009014377
FR0000121667;FR0000120859;FR0000120685;FR0000120560;FR0000120503;FR0000120578;FR0000120966;FR0000120404;FR0000120321;FR0000054470;FI4000297767
FR0000121964;FR0000120966;FR0000120693;FR0000120578;FR0000120537;FR0000120628;FR0000121014;FR0000120503;FR0000120404;FR0000064578;FR0000031122
FR0000121972;FR0000121014;FR0000120859;FR0000120628;FR0000120560;FR0000120644;FR0000121121;FR0000120560;FR0000120503;FR0000073272;FR0000035081
FR0000124141;FR0000121121;FR0000120966;FR0000120644;FR0000120578;FR0000120685;FR0000121204;FR0000120578;FR0000120578;FR0000077919;FR0000038259
FR0000125007;FR0000121204;FR0000121014;FR0000120685;FR0000120628;FR0000120693;FR0000121220;FR0000120628;FR0000120628;FR0000120073;FR0000039299
FR0000125338;FR0000121220;FR0000121121;FR0000120693;FR0000120644;FR0000120859;FR0000121261;FR0000120644;FR0000120644;FR0000120172;FR0000045072
FR0000125486;FR0000121261;FR0000121204;FR0000120859;FR0000120685;FR0000120966;FR0000121329;FR0000120685;FR0000120685;FR0000120222;FR0000050809
FR0000125585;FR0000121329;FR0000121220;FR0000120966;FR0000120693;FR0000121014;FR0000121485;FR0000120693;FR0000120693;FR0000120271;FR0000051732
FR0000127771;FR0000121485;FR0000121261;FR0000121014;FR0000120859;FR0000121121;FR0000121501;FR0000120859;FR0000120859;FR0000120321;FR0000051807
FR0000130007;FR0000121501;FR0000121329;FR0000121121;FR0000120966;FR0000121204;FR0000121667;FR0000120966;FR0000120966;FR0000120404;FR0000052292
FR0000130213;FR0000121667;FR0000121485;FR0000121204;FR0000121014;FR0000121220;FR0000121709;FR0000121014;FR0000121014;FR0000120503;FR0000054470
FR0000130403;FR0000121964;FR0000121501;FR0000121220;FR0000121121;FR0000121261;FR0000121964;FR0000121121;FR0000121121;FR0000120578;FR0000064578
FR0000130452;FR0000121972;FR0000121667;FR0000121261;FR0000121204;FR0000121329;FR0000121972;FR0000121147;FR0000121147;FR0000120628;FR0000071946
FR0000130577;FR0000124141;FR0000121709;FR0000121329;FR0000121220;FR0000121485;FR0000124141;FR0000121204;FR0000121204;FR0000120644;FR0000073272
FR0000130650;FR0000125007;FR0000121964;FR0000121485;FR0000121261;FR0000121501;FR0000125007;FR0000121220;FR0000121220;FR0000120685;FR0000077919
FR0000130809;FR0000125338;FR0000121972;FR0000121501;FR0000121329;FR0000121667;FR0000125338;FR0000121261;FR0000121261;FR0000120693;FR0000120073
FR0000131104;FR0000125486;FR0000124141;FR0000121667;FR0000121485;FR0000121709;FR0000125346;FR0000121329;FR0000121329;FR0000120859;FR0000120172
FR0000131708;FR0000125585;FR0000125007;FR0000121709;FR0000121501;FR0000121964;FR0000125486;FR0000121485;FR0000121485;FR0000120966;FR0000120222
FR0000131757;FR0000127771;FR0000125338;FR0000121964;FR0000121667;FR0000121972;FR0000125585;FR0000121501;FR0000121501;FR0000121014;FR0000120271
FR0000131906;FR0000130007;FR0000125486;FR0000121972;FR0000121709;FR0000124141;FR0000127771;FR0000121667;FR0000121667;FR0000121121;FR0000120321
FR0000133308;FR0000130213;FR0000125585;FR0000124141;FR0000121964;FR0000125007;FR0000130007;FR0000121709;FR0000121709;FR0000121147;FR0000120404
FR0004548873;FR0000130403;FR0000127771;FR0000125007;FR0000121972;FR0000125338;FR0000130213;FR0000121964;FR0000121725;FR0000121204;FR0000120503
FR0010040865;FR0000130452;FR0000130007;FR0000125338;FR0000124141;FR0000125346;FR0000130395;FR0000121972;FR0000121964;FR0000121220;FR0000120578
FR0010208488;FR0000130577;FR0000130213;FR0000125486;FR0000125007;FR0000125486;FR0000130403;FR0000124141;FR0000121972;FR0000121261;FR0000120628
FR0010220475;FR0000130650;FR0000130403;FR0000125585;FR0000125338;FR0000125585;FR0000130452;FR0000125007;FR0000124141;FR0000121329;FR0000120644
FR0010221234;FR0000130809;FR0000130452;FR0000127771;FR0000125346;FR0000127771;FR0000130577;FR0000125338;FR0000124570;FR0000121485;FR0000120685
FR0010242511;FR0000131104;FR0000130577;FR0000130007;FR0000125486;FR0000130007;FR0000130650;FR0000125346;FR0000125007;FR0000121501;FR0000120693
FR0010307819;FR0000131708;FR0000130650;FR0000130213;FR0000125585;FR0000130213;FR0000130809;FR0000125486;FR0000125338;FR0000121667;FR0000120859
FR0010313833;FR0000131757;FR0000130809;FR0000130403;FR0000127771;FR0000130395;FR0000131104;FR0000125585;FR0000125346;FR0000121709;FR0000120966
FR0010340141;FR0000131906;FR0000131104;FR0000130452;FR0000130007;FR0000130403;FR0000131708;FR0000127771;FR0000125486;FR0000121725;FR0000121014
FR0010411983;FR0000133308;FR0000131708;FR0000130577;FR0000130213;FR0000130452;FR0000131906;FR0000130007;FR0000125585;FR0000121964;FR0000121121
FR0013176526;FR0004035913;FR0000131757;FR0000130650;FR0000130395;FR0000130577;FR0000133308;FR0000130213;FR0000127771;FR0000121972;FR0000121147
FR0013181864;FR0004548873;FR0000131906;FR0000130809;FR0000130403;FR0000130650;FR0000184798;FR0000130395;FR0000130213;FR0000124141;FR0000121204
GB0000456144;FR0006174348;FR0000133308;FR0000131104;FR0000130452;FR0000130809;FR0004035913;FR0000130403;FR0000130403;FR0000124570;FR0000121220
GB0000595859;FR0010040865;FR0004035913;FR0000131708;FR0000130577;FR0000131104;FR0006174348;FR0000130452;FR0000130452;FR0000125007;FR0000121261
GB0000811801;FR0010208488;FR0004548873;FR0000131757;FR0000130650;FR0000131708;FR0010040865;FR0000130577;FR0000130577;FR0000125338;FR0000121329
GB0000904986;FR0010220475;FR0006174348;FR0000131906;FR0000130809;FR0000131906;FR0010208488;FR0000130650;FR0000130650;FR0000125346;FR0000121485
GB0000961622;FR0010221234;FR0010040865;FR0000133308;FR0000131104;FR0000133308;FR0010220475;FR0000130809;FR0000130809;FR0000125486;FR0000121501
GB0001367019;FR0010242511;FR0010208488;FR0004035913;FR0000131708;FR0004035913;FR0010221234;FR0000131104;FR0000131104;FR0000125585;FR0000121667
GB0001500809;FR0010307819;FR0010220475;FR0004548873;FR0000131906;FR0006174348;FR0010242511;FR0000131708;FR0000131708;FR0000127771;FR0000121709
GB0002162385;FR0010313833;FR0010221234;FR0006174348;FR0000133308;FR0010040865;FR0010307819;FR0000131906;FR0000131906;FR0000130213;FR0000121725
GB0002374006;FR0010340141;FR0010242511;FR0010040865;FR0004035913;FR0010208488;FR0010313833;FR0000133308;FR0000133308;FR0000130403;FR0000121964
GB0002405495;FR0010411983;FR0010307819;FR0010208488;FR0004548873;FR0010220475;FR0010340141;FR0000184798;FR0000184798;FR0000130452;FR0000121972
GB0002634946;FR0010533075;FR0010313833;FR0010220475;FR0006174348;FR0010221234;FR0010411983;FR0004035913;FR0004035913;FR0000130577;FR0000124141
GB0002652740;FR0010613471;FR0010340141;FR0010221234;FR0010040865;FR0010242511;FR0010451203;FR0006174348;FR0006174348;FR0000130650;FR0000124570
GB0002875804;FR0013176526;FR0010411983;FR0010242511;FR0010208488;FR0010307819;FR0010533075;FR0010040865;FR0010040865;FR0000130809;FR0000125007
GB0003452173;FR0013181864;FR0010533075;FR0010307819;FR0010220475;FR0010313833;FR0010613471;FR0010208488;FR0010208488;FR0000131104;FR0000125338
GB0004065016;FR0013280286;FR0010613471;FR0010313833;FR0010221234;FR0010340141;FR0013176526;FR0010220475;FR0010220475;FR0000131906;FR0000125346
GB0004082847;GB0000031285;FR0013176526;FR0010340141;FR0010242511;FR0010411983;FR0013181864;FR0010221234;FR0010221234;FR0000133308;FR0000125486
GB0004161021;GB0000456144;FR0013181864;FR0010411983;FR0010307819;FR0010451203;FR0013269123;FR0010242511;FR0010242511;FR0000184798;FR0000125585
GB0004478896;GB0000595859;FR0013280286;FR0010451203;FR0010313833;FR0010533075;GB0000031285;FR0010307819;FR0010259150;FR0004035913;FR0000127771
GB0004544929;GB0000904986;GB0000031285;FR0010533075;FR0010340141;FR0010613471;GB0000456144;FR0010313833;FR0010307819;FR0004125920;FR0000130213
GB0005405286;GB0000961622;GB0000456144;FR0010613471;FR0010411983;FR0013176526;GB0000536739;FR0010340141;FR0010313833;FR0006174348;FR0000130395
GB0005603997;GB0001367019;GB0000595859;FR0013176526;FR0010451203;FR0013181864;GB0000595859;FR0010411983;FR0010340141;FR0010040865;FR0000130403
GB0005758098;GB0001500809;GB0000811801;FR0013181864;FR0010533075;FR0013269123;GB0000811801;FR0010451203;FR0010411983;FR0010208488;FR0000130452
GB0006043169;GB0002162385;GB0000904986;FR0013280286;FR0010613471;FR0013280286;GB0000904986;FR0010533075;FR0010451203;FR0010220475;FR0000130577
GB0006215205;GB0002374006;GB0000961622;GB0000031285;FR0013176526;GB0000031285;GB0000961622;FR0010613471;FR0010533075;FR0010221234;FR0000130650
GB0006731235;GB0002405495;GB0001367019;GB0000456144;FR0013181864;GB0000456144;GB0001367019;FR0013176526;FR0010613471;FR0010242511;FR0000130809
GB0006776081;GB0002634946;GB0001500809;GB0000595859;FR0013280286;GB0000536739;GB0001500809;FR0013269123;FR0011950732;FR0010259150;FR0000131104
GB0006825383;GB0002652740;GB0002162385;GB0000811801;GB0000031285;GB0000595859;GB0002162385;GB0000031285;FR0013176526;FR0010307819;FR0000131906
GB0006834344;GB0002875804;GB0002374006;GB0000961622;GB0000456144;GB0000811801;GB0002374006;GB0000456144;FR0013269123;FR0010313833;FR0000133308
GB0007099541;GB0003452173;GB0002405495;GB0001367019;GB0000536739;GB0000904986;GB0002405495;GB0000536739;FR0013505062;FR0010340141;FR0000184798
GB0007188757;GB0004052071;GB0002634946;GB0001500809;GB0000595859;GB0000961622;GB0002418548;GB0000595859;GB0000031285;FR0010411983;FR0004035913
GB0007365546;GB0004065016;GB0002652740;GB0002162385;GB0000811801;GB0001367019;GB0002634946;GB0000811801;GB0000456144;FR0010451203;FR0004125920
GB0007668071;GB0004082847;GB0002875804;GB0002374006;GB0000904986;GB0001500809;GB0002652740;GB0000904986;GB0000536739;FR0010533075;FR0006174348
GB0007739609;GB0004161021;GB0003308607;GB0002405495;GB0000961622;GB0002162385;GB0002875804;GB0000961622;GB0000811801;FR0010613471;FR0010040865
GB0007908733;GB0004478896;GB0003452173;GB0002634946;GB0001367019;GB0002374006;GB0003096442;GB0001367019;GB0000904986;FR0011950732;FR0010208488
GB0007973794;GB0004544929;GB0004052071;GB0002652740;GB0001500809;GB0002405495;GB0003308607;GB0001500809;GB0000961622;FR0013176526;FR0010220475
GB0007980591;GB0004657408;GB0004065016;GB0002875804;GB0002162385;GB0002418548;GB0003452173;GB0002162385;GB0001367019;FR0013269123;FR0010221234
GB0008025412;GB0005405286;GB0004082847;GB0003096442;GB0002374006;GB0002634946;GB0004052071;GB0002374006;GB0001500809;FR0013280286;FR0010242511
GB0008706128;GB0005603997;GB0004161021;GB0003308607;GB0002405495;GB0002652740;GB0004065016;GB0002405495;GB0001859296;GB0000456144;FR0010259150
GB0008754136;GB0005758098;GB0004544929;GB0003452173;GB0002634946;GB0002875804;GB0004082847;GB0002418548;GB0002162385;GB0000536739;FR0010307819
GB0008762899;GB0006043169;GB0004657408;GB0004052071;GB0002652740;GB0003096442;GB0004161021;GB0002634946;GB0002374006;GB0000811801;FR0010313833
GB0008782301;GB0006731235;GB0005405286;GB0004065016;GB0002875804;GB0003308607;GB0004478896;GB0002652740;GB0002405495;GB0000904986;FR0010340141
GB0008847096;GB0006776081;GB0005603997;GB0004082847;GB0003096442;GB0003452173;GB0004544929;GB0002875804;GB0002634946;GB0000961622;FR0010411983
GB0009223206;GB0006825383;GB0005758098;GB0004161021;GB0003308607;GB0004052071;GB0004657408;GB0003308607;GB0002652740;GB0001367019;FR0010451203
GB0009252882;GB0006834344;GB0006043169;GB0004544929;GB0003452173;GB0004065016;GB0005405286;GB0003452173;GB0002875804;GB0001500809;FR0010533075
GB0009465807;GB0007099541;GB0006731235;GB0005405286;GB0004052071;GB0004082847;GB0005576813;GB0004052071;GB0003308607;GB0002162385;FR0010613471
GB0009697037;GB0007188757;GB0006776081;GB0005603997;GB0004065016;GB0004161021;GB0005603997;GB0004065016;GB0003452173;GB0002374006;FR0012435121
GB0009895292;GB0007365546;GB0006825383;GB0005758098;GB0004082847;GB0004478896;GB0005758098;GB0004082847;GB0004052071;GB0002405495;FR0012757854
GB0030232317;GB0007668071;GB0006834344;GB0006043169;GB0004161021;GB0004544929;GB0006043169;GB0004161021;GB0004065016;GB0002634946;FR0013176526
GB0030587504;GB0007739609;GB0007099541;GB0006215205;GB0004478896;GB0004657408;GB0006731235;GB0004544929;GB0004082847;GB0002652740;FR0013269123
GB0030913577;GB0007908733;GB0007188757;GB0006731235;GB0004544929;GB0005405286;GB0006776081;GB0005405286;GB0004161021;GB0002875804;FR0013280286
GB0031215220;GB0007973794;GB0007365546;GB0006776081;GB0004657408;GB0005576813;GB0006825383;GB0005576813;GB0004544929;GB0003096442;FR0013326246
GB0031274896;GB0007980591;GB0007668071;GB0006825383;GB0004726096;GB0005603997;GB0006834344;GB0005603997;GB0005405286;GB0003308607;GB0000456144
GB0031348658;GB0008025412;GB0007739609;GB0006834344;GB0005405286;GB0005758098;GB0007099541;GB0005758098;GB0005576813;GB0004052071;GB0000536739
GB0031638363;GB0008706128;GB0007908733;GB0007099541;GB0005603997;GB0006043169;GB0007188757;GB0006043169;GB0005603997;GB0004065016;GB0000811801
GB0031698896;GB0008754136;GB0007973794;GB0007188757;GB0005758098;GB0006731235;GB0007365546;GB0006731235;GB0005758098;GB0004082847;GB0000904986
GB0031743007;GB0008762899;GB0007980591;GB0007365546;GB0006043169;GB0006776081;GB0007668071;GB0006776081;GB0006043169;GB0004161021;GB0000961622
GB0033195214;GB0008847096;GB0008706128;GB0007668071;GB0006215205;GB0006825383;GB0007669376;GB0006825383;GB0006731235;GB0004544929;GB0001367019
GB0033986497;GB0009123323;GB0008754136;GB0007739609;GB0006731235;GB0006834344;GB0007739609;GB0006834344;GB0006776081;GB0005405286;GB0001500809
GB00B019KW72;GB0009223206;GB0008762899;GB0007908733;GB0006776081;GB0007099541;GB0007908733;GB0007099541;GB0006825383;GB0005576813;GB0002162385
GB00B01C3S32;GB0009252882;GB0008782301;GB0007973794;GB0006825383;GB0007188757;GB0007980591;GB0007188757;GB0006834344;GB0005603997;GB0002374006
GB00B01FLG62;GB0009465807;GB0008847096;GB0007980591;GB0006834344;GB0007365546;GB0007990962;GB0007365546;GB0007099541;GB0005758098;GB0002405495
GB00B02J6398;GB0009697037;GB0009123323;GB0007990962;GB0007099541;GB0007668071;GB0008220112;GB0007668071;GB0007188757;GB0006043169;GB0002634946
GB00B02L3W35;GB0009895292;GB0009223206;GB0008706128;GB0007188757;GB0007669376;GB0008706128;GB0007669376;GB0007365546;GB0006731235;GB0002652740
GB00B033F229;GB0030232317;GB0009252882;GB0008754136;GB0007365546;GB0007739609;GB0008754136;GB0007739609;GB0007668071;GB0006776081;GB0002875804
GB00B03MLX29;GB0031215220;GB0009465807;GB0008762899;GB0007668071;GB0007908733;GB0008762899;GB0007908733;GB0007669376;GB0006825383;GB0003096442
GB00B06QFB75;GB0031274896;GB0009697037;GB0008782301;GB0007739609;GB0007973794;GB0008782301;GB0007980591;GB0007739609;GB0006834344;GB0003308607
GB00B0744B38;GB0031348658;GB0009895292;GB0008847096;GB0007908733;GB0007980591;GB0008847096;GB0007990962;GB0007908733;GB0007099541;GB0004052071
GB00B0H2K534;GB0031544546;GB0030232317;GB0009123323;GB0007973794;GB0007990962;GB0009123323;GB0008220112;GB0007980591;GB0007188757;GB0004065016
GB00B0HZPV38;GB0031638363;GB0031215220;GB0009223206;GB0007980591;GB0008220112;GB0009223206;GB0008706128;GB0007990962;GB0007668071;GB0004082847
GB00B10RZP78;GB0031698896;GB0031274896;GB0009252882;GB0007990962;GB0008706128;GB0009252882;GB0008754136;GB0008220112;GB0007669376;GB0004161021
GB00B132NW22;GB0031743007;GB0031348658;GB0009292243;GB0008220112;GB0008754136;GB0009292243;GB0008762899;GB0008706128;GB0007739609;GB0004544929
GB00B17BBQ50;GB0032089863;GB0031544546;GB0009465807;GB0008706128;GB0008762899;GB0009465807;GB0008782301;GB0008754136;GB0007908733;GB0005405286
GB00B18V8630;GB0033195214;GB0031638363;GB0009697037;GB0008754136;GB0008782301;GB0009697037;GB0008847096;GB0008782301;GB0007980591;GB0005576813
GB00B19NLV48;GB0033986497;GB0031698896;GB0009895292;GB0008762899;GB0008847096;GB0009895292;GB0009123323;GB0008847096;GB0007990962;GB0005603997
GB00B1FH8J72;GB00B019KW72;GB0031743007;GB0030232317;GB0008782301;GB0009123323;GB0030232317;GB0009223206;GB0009123323;GB0008220112;GB0005758098
GB00B1FP6H53;GB00B01C3S32;GB0032089863;GB0030913577;GB0008847096;GB0009223206;GB0031215220;GB0009252882;GB0009223206;GB0008706128;GB0006043169
GB00B1H0DZ51;GB00B01FLG62;GB0033195214;GB0031215220;GB0009123323;GB0009252882;GB0031274896;GB0009292243;GB0009252882;GB0008754136;GB0006731235
GB00B1KJJ408;GB00B02J6398;GB0033986497;GB0031274896;GB0009223206;GB0009292243;GB0031348658;GB0009465807;GB0009292243;GB0008782301;GB0006776081
GB00B1L8B624;GB00B02L3W35;GB00B012TP20;GB0031348658;GB0009252882;GB0009465807;GB0031638363;GB0009697037;GB0009465807;GB0008847096;GB0006825383
GB00B1WY2338;GB00B033F229;GB00B019KW72;GB0031544546;GB0009292243;GB0009697037;GB0031698896;GB0009895292;GB0009697037;GB0009223206;GB0006834344
GB00B1XZS820;GB00B03MLX29;GB00B01C3S32;GB0031638363;GB0009465807;GB0009895292;GB0031743007;GB0030232317;GB0009895292;GB0009292243;GB0007099541
GB00B1YW4409;GB00B06QFB75;GB00B01FLG62;GB0031698896;GB0009697037;GB0030232317;GB0032089863;GB0031215220;GB0030232317;GB0009465807;GB0007188757
GB00B1Z4ST84;GB00B0744B38;GB00B02J6398;GB0031743007;GB0009895292;GB0031215220;GB0033195214;GB0031274896;GB0030913577;GB0009697037;GB0007668071
GB00B23K0M20;GB00B0H2K534;GB00B02L3W35;GB0032089863;GB0030232317;GB0031274896;GB0033986497;GB0031348658;GB0031215220;GB0009895292;GB0007669376
GB00B24CGK77;GB00B0HZPV38;GB00B033F229;GB0033195214;GB0031215220;GB0031348658;GB00B019KW72;GB0031638363;GB0031274896;GB0030913577;GB0007739609
GB00B2988H17;GB00B0SWJX34;GB00B03MLX29;GB0033986497;GB0031274896;GB0031638363;GB00B01C3S32;GB0031698896;GB0031348658;GB0031215220;GB0007908733
GB00B2B0DG97;GB00B0WMWD03;GB00B06QFB75;GB00B012TP20;GB0031348658;GB0031698896;GB00B01FLG62;GB0031743007;GB0031638363;GB0031274896;GB0007980591
GB00B39J2M42;GB00B10RZP78;GB00B0744B38;GB00B019KW72;GB0031544546;GB0031743007;GB00B02J6398;GB0032089863;GB0031698896;GB0031348658;GB0008220112
GB00B3DGH821;GB00B132NW22;GB00B0H2K534;GB00B01C3S32;GB0031638363;GB0032089863;GB00B02L3W35;GB0033195214;GB0031743007;GB0031638363;GB0008706128
GB00B43G0577;GB00B17BBQ50;GB00B0HZPV38;GB00B01FLG62;GB0031698896;GB0033195214;GB00B033F229;GB0033986497;GB0032089863;GB0031698896;GB0008754136
GB00B4Y7R145;GB00B18V8630;GB00B0SWJX34;GB00B02J6398;GB0031743007;GB0033986497;GB00B03MLX29;GB0059822006;GB0033195214;GB0031743007;GB0008782301
GB00B5N0P849;GB00B19NLV48;GB00B0WMWD03;GB00B02L3W35;GB0032089863;GB00B019KW72;GB00B06QFB75;GB00B019KW72;GB0033986497;GB0032089863;GB0008847096
GB00B5ZN1N88;GB00B1CRLC47;GB00B10RZP78;GB00B033F229;GB0033195214;GB00B01C3S32;GB00B0744359;GB00B01C3S32;GB0059822006;GB0033195214;GB0009223206
GB00B61TVQ02;GB00B1FH8J72;GB00B132NW22;GB00B03MLX29;GB0033986497;GB00B01FLG62;GB00B0744B38;GB00B01FLG62;GB00B019KW72;GB0033986497;GB0009292243
GB00B63H8491;GB00B1FP6H53;GB00B17BBQ50;GB00B06QFB75;GB00B019KW72;GB00B02J6398;GB00B0H2K534;GB00B02J6398;GB00B01C3S32;GB0059822006;GB0009465807
GB00B74CDH82;GB00B1KJJ408;GB00B18V8630;GB00B0744B38;GB00B01C3S32;GB00B02L3W35;GB00B0LCW083;GB00B02L3W35;GB00B01FLG62;GB00B019KW72;GB0009633180
GB00B7N0K053;GB00B1L8B624;GB00B19NLV48;GB00B0H2K534;GB00B01FLG62;GB00B033F229;GB00B0N8QD54;GB00B033F229;GB00B02J6398;GB00B01C3S32;GB0009697037
GB00B7T77214;GB00B1VNSX38;GB00B1CRLC47;GB00B0HZPV38;GB00B02J6398;GB00B03MLX29;GB00B0SWJX34;GB00B03MLX29;GB00B02L3W35;GB00B01FLG62;GB0009895292
GB00B82YXW83;GB00B1WY2338;GB00B1FH8J72;GB00B0LCW083;GB00B02L3W35;GB00B06QFB75;GB00B0WMWD03;GB00B06QFB75;GB00B033F229;GB00B02J6398;GB0030913577
GB00B8C3BL03;GB00B1XZS820;GB00B1FP6H53;GB00B0SWJX34;GB00B033F229;GB00B0744359;GB00B10RZP78;GB00B0744359;GB00B03MLX29;GB00B02L3W35;GB0031215220
GB00BD6K4575;GB00B1YW4409;GB00B1KJJ408;GB00B10RZP78;GB00B03MLX29;GB00B0744B38;GB00B132NW22;GB00B0744B38;GB00B06QFB75;GB00B033F229;GB0031274896
GB00BDR05C01;GB00B1Z4ST84;GB00B1VNSX38;GB00B132NW22;GB00B06QFB75;GB00B0H2K534;GB00B17BBQ50;GB00B082RF11;GB00B0744359;GB00B03MLX29;GB0031348658
GB00BF8Q6K64;GB00B23K0M20;GB00B1WY2338;GB00B17BBQ50;GB00B0744359;GB00B0LCW083;GB00B18V8630;GB00B0H2K534;GB00B0744B38;GB00B06QFB75;GB0031638363
GB00BGLP8L22;GB00B24CGK77;GB00B1XZS820;GB00B18V8630;GB00B0744B38;GB00B0N8QD54;GB00B19NLV48;GB00B0LCW083;GB00B082RF11;GB00B0744B38;GB0031698896
GB00BH0P3Z91;GB00B2988H17;GB00B1YW4409;GB00B19NLV48;GB00B0H2K534;GB00B0SWJX34;GB00B1CRLC47;GB00B0N8QD54;GB00B0H2K534;GB00B082RF11;GB0031743007
GB00BH4HKS39;GB00B2B0DG97;GB00B1Z4ST84;GB00B1CRLC47;GB00B0HZPV38;GB00B0WMWD03;GB00B1FH8J72;GB00B0SWJX34;GB00B0LCW083;GB00B0H2K534;GB0032089863
GB00BJQZC279;GB00B2QPKJ12;GB00B23K0M20;GB00B1FH8J72;GB00B0LCW083;GB00B10RZP78;GB00B1KJJ408;GB00B0WMWD03;GB00B0N8QD54;GB00B0LCW083;GB0033195214
GB00BK1PTB77;GB00B39J2M42;GB00B24CGK77;GB00B1FP6H53;GB00B0SWJX34;GB00B132NW22;GB00B1QH8P22;GB00B0YG1K06;GB00B0SWJX34;GB00B0N8QD54;GB0033986497
GB00BKKMKR23;GB00B43G0577;GB00B2988H17;GB00B1KJJ408;GB00B0WMWD03;GB00B17BBQ50;GB00B1VNSX38;GB00B10RZP78;GB00B0WMWD03;GB00B0SWJX34;GB00B019KW72
GB00BMJ6DW54;GB00B45C9X44;GB00B2B0DG97;GB00B1VNSX38;GB00B10RZP78;GB00B18V8630;GB00B1VZ0M25;GB00B132NW22;GB00B10RZP78;GB00B0WMWD03;GB00B01C3S32
GB00BYT1DJ19;GB00B4Y7R145;GB00B2QPKJ12;GB00B1VZ0M25;GB00B132NW22;GB00B19NLV48;GB00B1WY2338;GB00B17BBQ50;GB00B17BBQ50;GB00B10RZP78;GB00B01FLG62
GB00BYW0PQ60;GB00B572ZV91;GB00B39J2M42;GB00B1WY2338;GB00B17BBQ50;GB00B1CRLC47;GB00B1XZS820;GB00B18V8630;GB00B18V8630;GB00B17BBQ50;GB00B02J6398
GB00BZ4BQC70;GB00B5N0P849;GB00B3DGH821;GB00B1XZS820;GB00B18V8630;GB00B1FH8J72;GB00B1YKG049;GB00B19NLV48;GB00B19NLV48;GB00B18V8630;GB00B02L3W35
GRS003003035;GB00B5ZN1N88;GB00B43G0577;GB00B1YW4409;GB00B19NLV48;GB00B1KJJ408;GB00B1YW4409;GB00B1CRLC47;GB00B1CRLC47;GB00B19NLV48;GB00B033F229
GRS004013009;GB00B63H8491;GB00B45C9X44;GB00B1Z4ST84;GB00B19Z1432;GB00B1VNSX38;GB00B1Z4ST84;GB00B1FH8J72;GB00B1FH8J72;GB00B1CRLC47;GB00B03MLX29
GRS014003024;GB00B74CDH82;GB00B572ZV91;GB00B23K0M20;GB00B1CRLC47;GB00B1VZ0M25;GB00B23K0M20;GB00B1KJJ408;GB00B1KJJ408;GB00B1FH8J72;GB00B06QFB75
GRS015003007;GB00B7T77214;GB00B5N0P849;GB00B24CGK77;GB00B1FH8J72;GB00B1WY2338;GB00B24CGK77;GB00B1QH8P22;GB00B1VNSX38;GB00B1H0DZ51;GB00B0744B38
GRS074083007;GB00B8C3BL03;GB00B5ZN1N88;GB00B2988H17;GB00B1KJJ408;GB00B1XZS820;GB00B24CT194;GB00B1VNSX38;GB00B1VZ0M25;GB00B1KJJ408;GB00B082RF11
GRS260333000;GB00BD6K4575;GB00B61TVQ02;GB00B2B0DG97;GB00B1VNSX38;GB00B1YKG049;GB00B2988H17;GB00B1VZ0M25;GB00B1WY2338;GB00B1VNSX38;GB00B0HZPV38
GRS314003005;GB00BDR05C01;GB00B63H8491;GB00B2QPKJ12;GB00B1VZ0M25;GB00B1YW4409;GB00B2B0DG97;GB00B1WY2338;GB00B1XZS820;GB00B1VZ0M25;GB00B0N8QD54
GRS323003012;GB00BF8Q6K64;GB00B74CDH82;GB00B39J2M42;GB00B1WY2338;GB00B1Z4ST84;GB00B2QPKJ12;GB00B1XZS820;GB00B1YW4409;GB00B1WY2338;GB00B0SWJX34
GRS419003009;GB00BGLP8L22;GB00B7T77214;GB00B43G0577;GB00B1XZS820;GB00B23K0M20;GB00B39J2M42;GB00B1YKG049;GB00B1Z4ST84;GB00B1XZS820;GB00B10RZP78
GRS434003000;GB00BH0P3Z91;GB00B82YXW83;GB00B45C9X44;GB00B1YW4409;GB00B24CGK77;GB00B3MBS747;GB00B1YW4409;GB00B1ZBKY84;GB00B1YW4409;GB00B15FWH70
IE0001827041;GB00BH4HKS39;GB00B8C3BL03;GB00B5N0P849;GB00B1Z4ST84;GB00B24CT194;GB00B43G0577;GB00B1Z4ST84;GB00B23K0M20;GB00B1Z4ST84;GB00B17BBQ50
IE0002424939;GB00BJFFLV09;GB00BD6K4575;GB00B5ZN1N88;GB00B23K0M20;GB00B2988H17;GB00B4Y7R145;GB00B23K0M20;GB00B24CGK77;GB00B1ZBKY84;GB00B18V8630
IE0004906560;GB00BK1PTB77;GB00BDR05C01;GB00B61TVQ02;GB00B24CGK77;GB00B2B0DG97;GB00B4YCDF59;GB00B24CGK77;GB00B2B0DG97;GB00B24CGK77;GB00B19NLV48
IE0004927939;GB00BKKMKR23;GB00BF8Q6K64;GB00B63H8491;GB00B24CT194;GB00B2QPKJ12;GB00B53P2009;GB00B2988H17;GB00B2PDGW16;GB00B2B0DG97;GB00B1CRLC47
IE00B00MZ448;GB00BMJ6DW54;GB00BGLP8L22;GB00B74CDH82;GB00B2988H17;GB00B39J2M42;GB00B5N0P849;GB00B2B0DG97;GB00B2QPKJ12;GB00B2PDGW16;GB00B1FH8J72
IE00B010DT83;GB00BVFNZH21;GB00BH0P3Z91;GB00B7T77214;GB00B2B0DG97;GB00B43G0577;GB00B5TMSP21;GB00B2PDGW16;GB00B39J2M42;GB00B2QPKJ12;GB00B1H0DZ51
IE00B06H8J93;GB00BYW0PQ60;GB00BH4HKS39;GB00B82YXW83;GB00B2QPKJ12;GB00B4YCDF59;GB00B5ZN1N88;GB00B2QPKJ12;GB00B3MBS747;GB00B39J2M42;GB00B1KJJ408
IE00BD1RP616;GB00BYYTFB60;GB00BHJYC057;GB00B8C3BL03;GB00B39J2M42;GB00B53P2009;GB00B61TVQ02;GB00B39J2M42;GB00B4Y7R145;GB00B3MBS747;GB00B1VZ0M25
IE00BF0L3536;GB00BZ4BQC70;GB00BJ1F4N75;GB00BD6K4575;GB00B43G0577;GB00B5N0P849;GB00B62G9D36;GB00B3MBS747;GB00B4YCDF59;GB00B4Y7R145;GB00B1WY2338
IE00BWB8X525;GRS003003035;GB00BJFFLV09;GB00BDR05C01;GB00B5N0P849;GB00B5ZN1N88;GB00B63H8491;GB00B4Y7R145;GB00B53P2009;GB00B53P2009;GB00B1XZS820
IE00BYTBXV33;GRS004013009;GB00BK1PTB77;GB00BF5H9P87;GB00B5ZN1N88;GB00B61TVQ02;GB00B6YTLS95;GB00B4YCDF59;GB00B5N0P849;GB00B5N0P849;GB00B1YW4409
IT0000062072;GRS014003024;GB00BKKMKR23;GB00BF8Q6K64;GB00B61TVQ02;GB00B62G9D36;GB00B74CDH82;GB00B53P2009;GB00B5ZN1N88;GB00B5ZN1N88;GB00B1ZBKY84
IT0000062957;GRS015003007;GB00BMJ6DW54;GB00BGLP8L22;GB00B62G9D36;GB00B63H8491;GB00B7KR2P84;GB00B5N0P849;GB00B61TVQ02;GB00B61TVQ02;GB00B24CGK77
IT0000072618;GRS074083007;GB00BVFNZH21;GB00BH0P3Z91;GB00B63H8491;GB00B74CDH82;GB00B7T77214;GB00B5ZN1N88;GB00B62G9D36;GB00B62G9D36;GB00B2B0DG97
IT0000784154;GRS260333000;GB00BWFGQN14;GB00BH4HKS39;GB00B71N6K86;GB00B7KR2P84;GB00B8C3BL03;GB00B61TVQ02;GB00B63H8491;GB00B63H8491;GB00B2PDGW16
IT0001063210;GRS314003005;GB00BYT1DJ19;GB00BHJYC057;GB00B74CDH82;GB00B7T77214;GB00BBG9VN75;GB00B62G9D36;GB00B7KR2P84;GB00B7KR2P84;GB00B2QPKJ12
IT0001233417;GRS323003012;GB00BYW0PQ60;GB00BJFFLV09;GB00B7KR2P84;GB00B8C3BL03;GB00BD6K4575;GB00B63H8491;GB00B7T77214;GB00B7T77214;GB00B39J2M42
IT0001250932;GRS419003009;GB00BYYTFB60;GB00BJQZC279;GB00B7T77214;GB00BBG9VN75;GB00BDR05C01;GB00B6YTLS95;GB00B8C3BL03;GB00B8C3BL03;GB00B3MBS747
IT0003128367;GRS434003000;GB00BZ4BQC70;GB00BK1PTB77;GB00B82YXW83;GB00BD6K4575;GB00BDVZYZ77;GB00B7KR2P84;GB00B8HX8Z88;GB00B8HX8Z88;GB00B4Y7R145
IT0003132476;IE0001827041;GRS003003035;GB00BKKMKR23;GB00B8C3BL03;GB00BDR05C01;GB00BF5H9P87;GB00B7T77214;GB00BD6K4575;GB00BD3VFW73;GB00B53P2009
IT0003153415;IE0002424939;GRS014003024;GB00BMJ6DW54;GB00BBG9VN75;GB00BF5H9P87;GB00BF8Q6K64;GB00B8C3BL03;GB00BDR05C01;GB00BD6GN030;GB00B5N0P849
IT0003242622;IE0004906560;GRS015003007;GB00BVFNZH21;GB00BD6K4575;GB00BF8Q6K64;GB00BGLP8L22;GB00BD6K4575;GB00BDVZYZ77;GB00BD6K4575;GB00B5ZN1N88
IT0003487029;IE00BD1RP616;GRS074083007;GB00BWFGQN14;GB00BDR05C01;GB00BGDT3G23;GB00BH0P3Z91;GB00BDR05C01;GB00BDZT6P94;GB00BDR05C01;GB00B61TVQ02
IT0003497168;IE00BF0L3536;GRS260333000;GB00BYT1DJ19;GB00BF5H9P87;GB00BGLP8L22;GB00BH4HKS39;GB00BDVZYZ77;GB00BF5H9P87;GB00BDVZYZ77;GB00B62G9D36
IT0003506190;IE00BYTBXV33;GRS314003005;GB00BYW0PQ60;GB00BF8Q6K64;GB00BH0P3Z91;GB00BJFFLV09;GB00BDZT6P94;GB00BF8Q6K64;GB00BDZT6P94;GB00B71N6K86
IT0003856405;IT0000062072;GRS323003012;GB00BYYTFB60;GB00BGDT3G23;GB00BH4HKS39;GB00BJQZC279;GB00BF5H9P87;GB00BGDT3G23;GB00BF5H9P87;GB00B7FC0762
IT0004623051;IT0000062957;GRS419003009;GB00BZ4BQC70;GB00BGLP8L22;GB00BJFFLV09;GB00BK1PTB77;GB00BF8Q6K64;GB00BGLP8L22;GB00BF8Q6K64;GB00B7KR2P84
IT0004810062;IT0000072618;GRS434003000;GRS015003007;GB00BH0P3Z91;GB00BJQZC279;GB00BKDM7X41;GB00BGDT3G23;GB00BGXQNP29;GB00BGBN7C04;GB00B7T77214
IT0004827447;IT0000433307;IE0001827041;GRS260333000;GB00BH4HKS39;GB00BK1PTB77;GB00BKKMKR23;GB00BGLP8L22;GB00BH0P3Z91;GB00BGDT3G23;GB00B8C3BL03
IT0005108763;IT0000784154;IE0002424939;GRS419003009;GB00BHJYC057;GB00BKKMKR23;GB00BMJ6DW54;GB00BGXQNP29;GB00BH4HKS39;GB00BGLP8L22;GB00B8HX8Z88
IT0005218380;IT0001063210;IE0004906560;GRS434003000;GB00BJFFLV09;GB00BMJ6DW54;GB00BVFNZH21;GB00BH0P3Z91;GB00BJ1F4N75;GB00BGXQNP29;GB00BD3VFW73
IT0005218752;IT0001233417;IE00B010DT83;IE0001827041;GB00BJQZC279;GB00BVFNZH21;GB00BWFGQN14;GB00BH4HKS39;GB00BJFFLV09;GB00BH0P3Z91;GB00BD6GN030
IT0005239360;IT0001250932;IE00BD1RP616;IE0002424939;GB00BK1PTB77;GB00BWFGQN14;GB00BY9D0Y18;GB00BJFFLV09;GB00BJQZC279;GB00BH4HKS39;GB00BD6K4575
IT0005252140;IT0001347308;IE00BF0L3536;IE0004906560;GB00BKKMKR23;GB00BY9D0Y18;GB00BYT1DJ19;GB00BJQZC279;GB00BK1PTB77;GB00BJ1F4N75;GB00BDR05C01
JE00B3DCF752;IT0003128367;IE00BWT6H894;IE00B010DT83;GB00BMJ6DW54;GB00BYT1DJ19;GB00BYW0PQ60;GB00BK1PTB77;GB00BKDM7X41;GB00BJFFLV09;GB00BDSFG982
JE00B8KF9B49;IT0003132476;IE00BYTBXV33;IE00BDC5DG00;GB00BVFNZH21;GB00BYW0PQ60;GB00BZ1G4322;GB00BKDM7X41;GB00BKKMKR23;GB00BJQZC279;GB00BDVZYZ77
JE00BJ1DLW90;IT0003153415;IT0000062072;IE00BWT6H894;GB00BWFGQN14;GB00BZ1G4322;GB00BZ4BQC70;GB00BKKMKR23;GB00BKX5CN86;GB00BK1PTB77;GB00BDZT6P94
JE00BJVNSS43;IT0003242622;IT0000062957;IE00BYTBXV33;GB00BYT1DJ19;GB00BZ4BQC70;GRS003003035;GB00BKX5CN86;GB00BLT1Y088;GB00BKDM7X41;GB00BF5H9P87
LU0075646355;IT0003487029;IT0000066123;IT0000062072;GB00BYW0PQ60;GI000A0MV757;GRS014003024;GB00BMJ6DW54;GB00BMJ6DW54;GB00BKKMKR23;GB00BF8Q6K64
LU0088087324;IT0003497168;IT0000072618;IT0000062957;GB00BYYTFB60;GRS260333000;GRS015003007;GB00BVFNZH21;GB00BVFNZH21;GB00BKX5CN86;GB00BGBN7C04
LU0156801721;IT0003506190;IT0000784154;IT0000066123;GB00BZ1G4322;GRS419003009;GRS260333000;GB00BWFGQN14;GB00BWFGQN14;GB00BLT1Y088;GB00BGDT3G23
LU1598757687;IT0003856405;IT0000784196;IT0000072618;GB00BZ4BQC70;IE0000669501;GRS419003009;GB00BY9D0Y18;GB00BY9D0Y18;GB00BMJ6DW54;GB00BGLP8L22
NL0000008977;IT0004176001;IT0001063210;IT0000784196;GI000A0MV757;IE0001827041;IE0000669501;GB00BYQ0JC66;GB00BYN59130;GB00BVFNZH21;GB00BGXQNP29
NL0000009082;IT0004623051;IT0001233417;IT0001063210;GRS419003009;IE0002424939;IE0001827041;GB00BYT1DJ19;GB00BYQ0JC66;GB00BWFGQN14;GB00BH0P3Z91
NL0000009165;IT0004810062;IT0003128367;IT0001233417;IE0001827041;IE0004906560;IE0002424939;GB00BYW0PQ60;GB00BYT1DJ19;GB00BY9D0Y18;GB00BH4HKS39
NL0000009355;IT0004827447;IT0003132476;IT0003128367;IE0002424939;IE00B010DT83;IE0004906560;GB00BZ1G4322;GB00BYW0PQ60;GB00BYN59130;GB00BJ1F4N75
NL0000009538;IT0005108763;IT0003153415;IT0003132476;IE0004906560;IE00B1RR8406;IE0004927939;GB00BZ4BQC70;GB00BYYK2V80;GB00BYQ0JC66;GB00BJFFLV09
NL0000009827;IT0005218380;IT0003242622;IT0003153415;IE00B010DT83;IE00BD1RP616;IE00B010DT83;IE0000669501;GB00BZ4BQC70;GB00BYT1DJ19;GB00BJQZC279
NL0000226223;IT0005218752;IT0003261697;IT0003242622;IE00BD1RP616;IE00BWT6H894;IE00B1RR8406;IE0001827041;GRS015003007;GB00BYW0PQ60;GB00BK1PTB77
NL0000235190;IT0005239360;IT0003487029;IT0003487029;IE00BWT6H894;IE00BYTBXV33;IE00BD1RP616;IE0002424939;GRS260333000;GB00BYYK2V80;GB00BKDM7X41
NL0000289213;IT0005252140;IT0003497168;IT0003497168;IE00BYTBXV33;IT0000062072;IE00BWT6H894;IE0004906560;GRS323003012;GB00BZ1G4322;GB00BKKMKR23
NL0000303709;IT0005319444;IT0003506190;IT0003506190;IT0000062072;IT0000062957;IE00BYTBXV33;IE0004927939;IE0000669501;GB00BZ4BQC70;GB00BKX5CN86
NL0000337319;JE00B3DCF752;IT0003856405;IT0003856405;IT0000062957;IT0000066123;IT0000062072;IE00B00MZ448;IE0001827041;GB00BZ6STL67;GB00BMJ6DW54
NL0000352565;JE00B8KF9B49;IT0004176001;IT0004176001;IT0000066123;IT0000072618;IT0000062957;IE00B1RR8406;IE0002424939;IE0000669501;GB00BVFNZH21
NL0000360618;JE00BJ1DLW90;IT0004623051;IT0004623051;IT0000072618;IT0000784196;IT0000066123;IE00BD1RP616;IE0004906560;IE0001827041;GB00BWFGQN14
NL0000379121;JE00BJVNSS43;IT0005108763;IT0005108763;IT0000784196;IT0001063210;IT0000072618;IE00BWT6H894;IE0004927939;IE0002424939;GB00BY9D0Y18
NL0000390706;LU0075646355;IT0005218380;IT0005218380;IT0001063210;IT0003007728;IT0000784196;IE00BYTBXV33;IE00B00MZ448;IE0004906560;GB00BYQ0JC66
NL0000395903;LU0088087324;IT0005218752;IT0005218752;IT0003007728;IT0003128367;IT0001063210;IM00B7S9G985;IE00B1RR8406;IE0004927939;GB00BYT1DJ19
NL0000852580;LU0156801721;IT0005239360;IT0005239360;IT0003128367;IT0003132476;IT0003007728;IT0000062072;IE00BD1RP616;IE0033024807;GB00BYW0PQ60
NL0009432491;LU1598757687;IT0005252140;IT0005252140;IT0003132476;IT0003153415;IT0003128367;IT0000062957;IE00BWT6H894;IE00B1RR8406;GB00BYYTFB60
NL0009739416;NL0000008977;IT0005319444;IT0005252207;IT0003153415;IT0003242622;IT0003132476;IT0000066123;IE00BYTBXV33;IE00BD1RP616;GB00BZ1G4322
NL0010273215;NL0000009082;JE00B3DCF752;JE00B8KF9B49;IT0003242622;IT0003487029;IT0003153415;IT0000072618;IM00B5VQMV65;IE00BWT6H894;GB00BZ4BQC70
NL0010583399;NL0000009165;JE00B8KF9B49;JE00BJVNSS43;IT0003487029;IT0003497168;IT0003242622;IT0000784196;IM00B7S9G985;IE00BYTBXV33;GB00BZ6STL67
NL0010877643;NL0000009355;JE00BJ1DLW90;LU0075646355;IT0003497168;IT0003506190;IT0003261697;IT0001063210;IT0000062072;IM00B5VQMV65;IE0000669501
NL0011794037;NL0000009538;JE00BJVNSS43;LU0088087324;IT0003506190;IT0003856405;IT0003487029;IT0003128367;IT0000062957;IM00B7S9G985;IE0001827041
NL0011821202;NL0000009827;LU0075646355;LU0156801721;IT0003856405;IT0004176001;IT0003497168;IT0003132476;IT0000066123;IT0000062072;IE0002424939
NL0012169213;NL0000226223;LU0088087324;LU1598757687;IT0004176001;IT0004623051;IT0003506190;IT0003153415;IT0000072618;IT0000062957;IE0004906560
NL0013267909;NL0000235190;LU0156801721;NL0000008977;IT0004623051;IT0005218380;IT0003856405;IT0003242622;IT0001063210;IT0000066123;IE0004927939
NL0013332471;NL0000289213;LU1598757687;NL0000009082;IT0005218380;IT0005218752;IT0004176001;IT0003261697;IT0001233417;IT0000072170;IE0033024807
NO0003053605;NL0000303709;NL0000008977;NL0000009165;IT0005218752;IT0005239360;IT0004623051;IT0003487029;IT0003128367;IT0000072618;IE00B1RR8406
NO0003733800;NL0000337319;NL0000009082;NL0000009355;IT0005239360;IT0005252140;IT0004827447;IT0003497168;IT0003132476;IT0001063210;IE00BD1RP616
NO0005052605;NL0000352565;NL0000009165;NL0000009538;IT0005252140;IT0005252207;IT0005218380;IT0003506190;IT0003153415;IT0001233417;IE00BF0L3536
NO0010031479;NL0000360618;NL0000009355;NL0000009827;IT0005252207;JE00B4T3BW64;IT0005218752;IT0003856405;IT0003242622;IT0003128367;IE00BWT6H894
NO0010063308;NL0000379121;NL0000009538;NL0000226223;JE00B4T3BW64;JE00B6T5S470;IT0005239360;IT0004176001;IT0003261697;IT0003132476;IE00BYTBXV33
NO0010096985;NL0000395903;NL0000009827;NL0000235190;JE00B8KF9B49;JE00B8KF9B49;IT0005252140;IT0004810054;IT0003487029;IT0003153415;IM00B5VQMV65
NO0010112675;NL0000852580;NL0000226223;NL0000288876;JE00BJ1DLW90;JE00BJ1DLW90;IT0005252207;IT0004827447;IT0003497168;IT0003242622;IM00B7S9G985
NO0010187032;NL0009432491;NL0000235190;NL0000289213;JE00BJVNSS43;JE00BJVNSS43;JE00B4T3BW64;IT0005218380;IT0003506190;IT0003261697;IT0000062072
NO0010199151;NL0009739416;NL0000289213;NL0000303709;LU0075646355;LU0075646355;JE00B55Q3P39;IT0005218752;IT0003796171;IT0003487029;IT0000062957
NO0010208051;NL0010273215;NL0000303709;NL0000352565;LU0088087324;LU0088087324;JE00B6T5S470;IT0005239360;IT0003828271;IT0003497168;IT0000066123
NO0010215684;NL0010583399;NL0000352565;NL0000360618;LU0156801721;LU0156801721;JE00B8KF9B49;IT0005252140;IT0003856405;IT0003506190;IT0000072170
NO0010861990;NL0010877643;NL0000360618;NL0000379121;LU1598757687;LU1598757687;JE00BJ1DLW90;IT0005252207;IT0004176001;IT0003796171;IT0000072618
PTBCP0AM0015;NL0011794037;NL0000379121;NL0000395903;NL0000008977;NL0000008977;JE00BJVNSS43;JE00B4T3BW64;IT0004810054;IT0003828271;IT0001233417
PTCPR0AM0003;NL0011821202;NL0000395903;NL0000852564;NL0000009082;NL0000009082;LU0061462528;JE00B8KF9B49;IT0004827447;IT0003856405;IT0003128367
PTEDP0AM0009;NL0012169213;NL0000852580;NL0000852580;NL0000009165;NL0000009165;LU0075646355;JE00BJ1DLW90;IT0005218380;IT0004176001;IT0003132476
PTGAL0AM0009;NL0013267909;NL0009294552;NL0009294552;NL0000009355;NL0000009355;LU0088087324;JE00BJVNSS43;IT0005218752;IT0004827447;IT0003153415
PTPTC0AM0009;NO0003053605;NL0009432491;NL0009432491;NL0000009538;NL0000009538;LU0156801721;JE00BYVQYS01;IT0005239360;IT0004965148;IT0003242622
PTZON0AM0006;NO0003054108;NL0009739416;NL0009739416;NL0000009827;NL0000009827;LU1598757687;LU0061462528;IT0005252140;IT0005211237;IT0003487029
SE0000103699;NO0003733800;NL0010273215;NL0010273215;NL0000226223;NL0000226223;NL0000008977;LU0075646355;IT0005252207;IT0005218380;IT0003497168
SE0000103814;NO0005052605;NL0010583399;NL0010583399;NL0000235190;NL0000235190;NL0000009082;LU0088087324;JE00B4T3BW64;IT0005239360;IT0003506190
SE0000106270;NO0010031479;NL0010877643;NL0010877643;NL0000288876;NL0000288876;NL0000009165;LU0156801721;JE00B6T5S470;IT0005252140;IT0003796171
SE0000107419;NO0010063308;NL0011794037;NL0011794037;NL0000289213;NL0000289213;NL0000009355;LU1072616219;JE00B8KF9B49;IT0005252207;IT0003828271
SE0000108227;NO0010096985;NL0011821202;NL0011821202;NL0000303709;NL0000303709;NL0000009538;LU1598757687;JE00BJ1DLW90;JE00B4T3BW64;IT0003856405
SE0000108656;NO0010112675;NL0012169213;NL0012059018;NL0000352565;NL0000334118;NL0000009827;NL0000008977;JE00BJVNSS43;JE00B5TT1872;IT0004176001
SE0000111940;NO0010199151;NL0013267909;NL0012169213;NL0000360618;NL0000352565;NL0000226223;NL0000009082;JE00BYVQYS01;JE00B6T5S470;IT0004965148
SE0000112724;NO0010208051;NO0003028904;NL0013267909;NL0000379121;NL0000360618;NL0000235190;NL0000009165;LU0061462528;JE00B8KF9B49;IT0005211237
SE0000113250;NO0010215684;NO0003053605;NO0003028904;NL0000395903;NL0000379121;NL0000289213;NL0000009355;LU0075646355;JE00BJ1DLW90;IT0005218380
SE0000115446;NO0010861990;NO0003054108;NO0003053605;NL0000852564;NL0000395903;NL0000303709;NL0000009538;LU0088087324;JE00BJVNSS43;IT0005239360
SE0000148884;PTBCP0AM0015;NO0003078800;NO0003054108;NL0000852580;NL0000852564;NL0000334118;NL0000009827;LU0156801721;JE00BYVQYS01;IT0005252140
SE0000163594;PTBES0AM0007;NO0003733800;NO0003078800;NL0009294552;NL0000852580;NL0000352565;NL0000226223;LU1072616219;LU0061462528;IT0005252207
SE0000171100;PTCPR0AM0003;NO0005052605;NO0003733800;NL0009432491;NL0006294290;NL0000360618;NL0000235190;LU1598757687;LU0075646355;IT0005278236
SE0000190126;PTEDP0AM0009;NO0010031479;NO0005052605;NL0009739416;NL0009294552;NL0000379121;NL0000289213;NL0000008977;LU0088087324;JE00B4T3BW64
SE0000202624;PTGAL0AM0009;NO0010063308;NO0010031479;NL0010273215;NL0009432491;NL0000395903;NL0000303709;NL0000009082;LU0156801721;JE00B6T5S470
SE0000242455;PTJMT0AE0001;NO0010096985;NO0010063308;NL0010877643;NL0010273215;NL0000852564;NL0000334118;NL0000009165;LU1072616219;JE00B8KF9B49
SE0000379190;PTPTC0AM0009;NO0010112675;NO0010096985;NL0011794037;NL0010877643;NL0000852580;NL0000360618;NL0000009355;LU1598757687;JE00BJ1DLW90
SE0000412371;PTZON0AM0006;NO0010199151;NO0010112675;NL0011821202;NL0011794037;NL0009294552;NL0000379121;NL0000009538;NL0000008977;JE00BJVNSS43
SE0000667891;SE0000103699;NO0010208051;NO0010199151;NL0012059018;NL0011821202;NL0009432491;NL0000395903;NL0000009827;NL0000009082;JE00BYVQYS01
SE0000667925;SE0000103814;NO0010215684;NO0010208051;NL0012169213;NL0012059018;NL0010273215;NL0000852564;NL0000226223;NL0000009165;LU0061462528
SE0000695876;SE0000106270;NO0010861990;NO0010215684;NL0013267909;NL0012169213;NL0010545661;NL0000852580;NL0000235190;NL0000009355;LU0075646355
SE0000825820;SE0000107419;PTBCP0AM0015;NO0010582521;NO0003028904;NL0013267909;NL0010558797;NL0009294552;NL0000289213;NL0000009538;LU0088087324
SE0001662230;SE0000108227;PTBES0AM0007;PTBCP0AM0015;NO0003053605;NO0003028904;NL0010877643;NL0009432491;NL0000303709;NL0000009827;LU0156801721
SE0005190238;SE0000108656;PTCPR0AM0003;PTBES0AM0007;NO0003054108;NO0003053605;NL0011794037;NL0010273215;NL0000334118;NL0000226223;LU1072616219
SE0007100581;SE0000111940;PTEDP0AM0009;PTEDP0AM0009;NO0003078800;NO0003054108;NL0011821202;NL0010545661;NL0000360618;NL0000235190;LU1598757687
SE0007100599;SE0000112724;PTGAL0AM0009;PTGAL0AM0009;NO0003733800;NO0003078800;NL0012059018;NL0010558797;NL0000379121;NL0000303709;LU1673108939
SE0011090018;SE0000113250;PTJMT0AE0001;PTJMT0AE0001;NO0005052605;NO0003733800;NL0012169213;NL0010773842;NL0000395903;NL0000334118;NL0000008977
SE0011166610;SE0000115446;PTPTC0AM0009;PTPTC0AM0009;NO0010031479;NO0005052605;NL0013267909;NL0010877643;NL0000852564;NL0000360618;NL0000009082
SE0012455673;SE0000148884;SE0000103699;SE0000103699;NO0010063308;NO0010031479;NO0003028904;NL0011333752;NL0000852580;NL0000379121;NL0000009165
SE0013256682;SE0000163594;SE0000103814;SE0000103814;NO0010096985;NO0010063308;NO0003053605;NL0011794037;NL0006294274;NL0000395903;NL0000009355
;SE0000163628;SE0000106270;SE0000106270;NO0010199151;NO0010096985;NO0003054108;NL0011821202;NL0009432491;NL0000852564;NL0000009538
;SE0000171100;SE0000107419;SE0000107419;NO0010208051;NO0010199151;NO0003078800;NL0012059018;NL0010273215;NL0000852580;NL0000009827
;SE0000190126;SE0000108227;SE0000108227;NO0010215684;NO0010208051;NO0003733800;NL0012169213;NL0010545661;NL0006294274;NL0000226223
;SE0000202624;SE0000108656;SE0000108656;NO0010582521;NO0010215684;NO0005052605;NL0013267909;NL0010558797;NL0009432491;NL0000235190
;SE0000242455;SE0000111940;SE0000111940;PTBES0AM0007;NO0010582521;NO0010031479;NO0003028904;NL0010773842;NL0010273215;NL0000303709
;SE0000310336;SE0000112724;SE0000112724;PTEDP0AM0009;PTBCP0AM0015;NO0010063308;NO0003054108;NL0010877643;NL0010545661;NL0000334118
;SE0000379190;SE0000113250;SE0000113250;PTGAL0AM0009;PTBES0AM0007;NO0010096985;NO0003078800;NL0011375019;NL0010773842;NL0000360618
;SE0000412371;SE0000114837;SE0000114837;PTJMT0AE0001;PTEDP0AM0009;NO0010199151;NO0003733800;NL0011540547;NL0010801007;NL0000379121
;SE0000667891;SE0000115446;SE0000115446;PTPTC0AM0009;PTGAL0AM0009;NO0010208051;NO0005052605;NL0011794037;NL0010877643;NL0000395903
;SE0000667925;SE0000148884;SE0000117970;SE0000103699;PTJMT0AE0001;NO0010215684;NO0010031479;NL0011821202;NL0011375019;NL0000852564
;SE0000695876;SE0000163594;SE0000148884;SE0000103814;PTPTC0AM0009;NO0010582521;NO0010063308;NL0012059018;NL0011540547;NL0000852580
;SE0000825820;SE0000163628;SE0000163594;SE0000106270;SE0000103699;PTBCP0AM0015;NO0010096985;NL0012169213;NL0011585146;NL0006294274
;SE0001662230;SE0000171100;SE0000163628;SE0000107419;SE0000103814;PTEDP0AM0009;NO0010208051;NL0013267909;NL0011794037;NL0009432491
;SE0005190238;SE0000190126;SE0000171100;SE0000108227;SE0000106270;PTGAL0AM0009;NO0010582521;NO0003028904;NL0011821202;NL0010273215
;SE0007100581;SE0000202624;SE0000190126;SE0000108656;SE0000107419;PTJMT0AE0001;PTBCP0AM0015;NO0003054108;NL0011821392;NL0010545661
;SE0007100599;SE0000242455;SE0000202624;SE0000108847;SE0000108227;PTPTC0AM0009;PTEDP0AM0009;NO0003733800;NL0012059018;NL0010773842
;SE0011090018;SE0000379190;SE0000242455;SE0000111940;SE0000108656;SE0000103699;PTGAL0AM0009;NO0005052605;NL0012169213;NL0010801007
;SE0011166610;SE0000412371;SE0000379190;SE0000112724;SE0000108847;SE0000103814;PTJMT0AE0001;NO0010031479;NL0013267909;NL0010832176
;SE0012455673;SE0000667891;SE0000412371;SE0000113250;SE0000111940;SE0000106270;SE0000103699;NO0010063308;NO0003028904;NL0010877643
;SE0013256682;SE0000667925;SE0000667891;SE0000114837;SE0000112724;SE0000107419;SE0000103814;NO0010096985;NO0003053605;NL0011540547
;;SE0000695876;SE0000667925;SE0000115446;SE0000113250;SE0000108227;SE0000106270;NO0010208051;NO0003054108;NL0011585146
;;SE0000825820;SE0000695876;SE0000117970;SE0000114837;SE0000108656;SE0000107419;NO0010582521;NO0003078800;NL0011794037
;;SE0001662230;SE0000806994;SE0000148884;SE0000115446;SE0000111940;SE0000108227;PTBCP0AM0015;NO0003733800;NL0011821202
;;SE0005190238;SE0000825820;SE0000163594;SE0000117970;SE0000112724;SE0000108656;PTEDP0AM0009;NO0005052605;NL0011821392
;;SE0007100581;SE0001662230;SE0000163628;SE0000148884;SE0000113250;SE0000112724;PTGAL0AM0009;NO0010031479;NL0011872643
;;SE0007100599;SE0005190238;SE0000171100;SE0000163594;SE0000114837;SE0000113250;PTJMT0AE0001;NO0010063308;NL0012059018
;;SE0011090018;SE0007100581;SE0000190126;SE0000163628;SE0000115446;SE0000114837;SE0000103699;NO0010096985;NL0012169213
;;SE0011166610;SE0007100599;SE0000202624;SE0000170375;SE0000117970;SE0000115446;SE0000103814;NO0010208051;NL0012866412
;;SE0012455673;SE0011090018;SE0000242455;SE0000190126;SE0000148884;SE0000117970;SE0000106270;NO0010582521;NL0013267909
;;SE0013256682;SE0011166610;SE0000379190;SE0000202624;SE0000163594;SE0000148884;SE0000107419;PTEDP0AM0009;NO0003028904
;;;SE0012455673;SE0000412371;SE0000242455;SE0000163628;SE0000163594;SE0000108227;PTGAL0AM0009;NO0003053605
;;;SE0013256682;SE0000667891;SE0000379190;SE0000190126;SE0000163628;SE0000108656;PTJMT0AE0001;NO0003054108
;;;;SE0000667925;SE0000412371;SE0000202624;SE0000190126;SE0000112385;SE0000103699;NO0003078800
;;;;SE0000695876;SE0000667891;SE0000242455;SE0000202624;SE0000112724;SE0000103814;NO0003733800
;;;;SE0000806994;SE0000667925;SE0000379190;SE0000242455;SE0000113250;SE0000106270;NO0005052605
;;;;SE0000825820;SE0000695876;SE0000412371;SE0000310336;SE0000114837;SE0000107419;NO0010031479
;;;;SE0001662230;SE0000806994;SE0000652216;SE0000379190;SE0000115446;SE0000108227;NO0010063308
;;;;SE0005190238;SE0000825820;SE0000667891;SE0000412371;SE0000117970;SE0000108656;NO0010096985
;;;;SE0007100581;SE0001662230;SE0000667925;SE0000652216;SE0000148884;SE0000108847;NO0010208051
;;;;SE0007100599;SE0005190238;SE0000695876;SE0000667891;SE0000163594;SE0000112385;NO0010345853
;;;;SE0011090018;SE0007100581;SE0000806994;SE0000667925;SE0000163628;SE0000112724;NO0010582521
;;;;SE0011166610;SE0007100599;SE0000825820;SE0000695876;SE0000190126;SE0000113250;PTBCP0AM0015
;;;;SE0012455673;SE0011090018;SE0000862997;SE0000806994;SE0000202624;SE0000114837;PTEDP0AM0009
;;;;SE0013256682;SE0011166610;SE0000936478;SE0000862997;SE0000242455;SE0000115446;PTGAL0AM0009
;;;;;SE0012455673;SE0001662230;SE0000872095;SE0000379190;SE0000117970;PTJMT0AE0001
;;;;;SE0013256682;SE0005190238;SE0000936478;SE0000455057;SE0000148884;SE0000103699
;;;;;;SE0007074281;SE0001662230;SE0000652216;SE0000163594;SE0000103814
;;;;;;SE0007100581;SE0005190238;SE0000667891;SE0000163628;SE0000106270
;;;;;;SE0007100599;SE0007074281;SE0000667925;SE0000190126;SE0000107419
;;;;;;SE0011166610;SE0007100581;SE0000695876;SE0000202624;SE0000108227
;;;;;;SE0012455673;SE0007100599;SE0000806994;SE0000242455;SE0000108656
;;;;;;SE0013256682;SE0011166610;SE0000862997;SE0000379190;SE0000108847
;;;;;;;SE0012455673;SE0000872095;SE0000455057;SE0000112385
;;;;;;;SE0013256682;SE0000936478;SE0000652216;SE0000112724
;;;;;;;;SE0001662230;SE0000667891;SE0000113250
;;;;;;;;SE0005190238;SE0000667925;SE0000114837
;;;;;;;;SE0007074281;SE0000695876;SE0000115446
;;;;;;;;SE0007100581;SE0000806994;SE0000148884
;;;;;;;;SE0007100599;SE0000862997;SE0000163594
;;;;;;;;SE0007871645;SE0000872095;SE0000163628
;;;;;;;;SE0008321293;SE0000936478;SE0000190126
;;;;;;;;SE0011166610;SE0001662230;SE0000202624
;;;;;;;;SE0011166974;SE0002683557;SE0000242455
;;;;;;;;SE0012455673;SE0005190238;SE0000379190
;;;;;;;;SE0013256682;SE0007074281;SE0000455057
;;;;;;;;;SE0007100581;SE0000652216
;;;;;;;;;SE0007100599;SE0000667891
;;;;;;;;;SE0007871645;SE0000667925
;;;;;;;;;SE0008321293;SE0000695876
;;;;;;;;;SE0011166610;SE0000862997
;;;;;;;;;SE0011166974;SE0000872095
;;;;;;;;;SE0012455673;SE0001662230
;;;;;;;;;SE0013256682;SE0002683557
;;;;;;;;;;SE0005190238
;;;;;;;;;;SE0007074281
;;;;;;;;;;SE0007100581
;;;;;;;;;;SE0007100599
;;;;;;;;;;SE0007691613
;;;;;;;;;;SE0007871645
;;;;;;;;;;SE0008321293
;;;;;;;;;;SE0009922164
;;;;;;;;;;SE0011166610
;;;;;;;;;;SE0011166974
;;;;;;;;;;SE0012455673
;;;;;;;;;;SE0013256682